,year,country,sector,gas,length_ratio,length
0,2006,Netherlands,Petroleum Refinery,-66.51647254519176,0.4557975915996502,-1.3574790315345258
1,2006,Indonesia,Petroleum Refinery,-54.502240829328194,0.37347124939486365,-1.1122906291699632
2,2006,Other countries,Petroleum Refinery,-24.91552096785125,0.1707311590054861,-0.5084800197520664
3,2006,Other countries,Precious metals,109.0141902657043,-1.0,-2.2247793931776387
4,2006,RoW Middle East,Copper,-7.122116084961384,0.4260309588812872,-0.14534930785635478
5,2006,Canada,Copper,-3.2161242097487053,0.19238221683211895,-0.06563518795405522
6,2006,Brazil,Copper,-2.0649021260015443,0.12351837884164679,-0.04214085971431723
7,2006,Other countries,Copper,-4.314225029915232,0.25806844544494695,-0.08804540877378024
8,2006,Ireland,Copper prod.,-16.332387064825603,0.7699568674012094,-0.3333140217311348
9,2006,Other countries,Copper prod.,-4.879693450738028,0.23004313259879064,-0.09958558062730669
10,2006,Luxembourg,Wood and paper reproc.,-15.803688684392569,0.6098792160091209,-0.10370196533669519
11,2006,South Korea,Wood and paper reproc.,-10.109128590817253,0.3901207839908792,-0.0663349249434686
12,2006,Other countries,Wood and paper reproc.,17.581009651481796,-0.4042185039526276,0.06873205740580489
13,2006,Latvia,"Coal, lignite and peat",-21.22912250265248,0.6937022592583345,-0.4234119385160576
14,2006,Norway,"Coal, lignite and peat",-9.373520373773214,0.3062977407416655,-0.18695357906023607
15,2006,Other countries,"Coal, lignite and peat",0.6947325151873045,-0.022197788360664772,0.013548764581806181
16,2006,Romania,Machinery and furniture,-7.993700803214442,0.6483764089743939,-0.16313675108600903
17,2006,Luxembourg,Machinery and furniture,-1.6482354285707768,0.13368988840454885,-0.03363745772593422
18,2006,Other countries,Machinery and furniture,-2.6868602706336944,0.21793370262105724,-0.05483388307415702
19,2006,Great-Britain,"Tide, wave and ocean elec. prod.",-1.858691971118498,0.7475247916321176,-0.024542153347667617
20,2006,RoW Africa,"Tide, wave and ocean elec. prod.",-0.6277700056947388,0.25247520836788245,-0.008289069940704132
21,2006,Other countries,"Tide, wave and ocean elec. prod.",0.8777320356830209,-0.2609041073204149,0.008565801004289848
22,2006,Ireland,Ceramic goods,-13.799854294897052,0.5391602847322932,-0.2600633720438317
23,2006,Norway,Ceramic goods,-11.79523252005452,0.4608397152677069,-0.22228553125671427
24,2006,Other countries,Ceramic goods,1.95999055322482,-0.0711299237899593,0.03430944073193828
25,2006,Luxembourg,Textile,-30.679456671563024,0.6491585478023494,-0.35812489501032874
26,2006,Belgium,Textile,-16.580887932116227,0.35084145219765056,-0.1935506490038706
27,2006,Other countries,Textile,20.22824294698348,-0.2997283493568216,0.16535280018790255
0,2006,France,Copper reproc.,38.58996735425455,0.8779597742970682,0.7875503541684601
1,2006,Other countries,Copper reproc.,5.364173238520685,0.12204022570293178,0.10947292323511602
2,2006,Other countries,Glass prod.,-30.80343742433473,-0.9999675360906569,0.6286211719251986
3,2006,Czechia,Aluminium,21.781207851266025,1.0,-0.16373644863088593
4,2006,Other countries,Aluminium,-29.804293834179436,-0.5777649312381998,0.09460117798441085
5,2006,Ireland,Chemicals,15.868506218786639,0.6367045475165448,0.1906246085221564
6,2006,Lithuania,Chemicals,9.054366219743091,0.36329545248345513,0.10876795788197
7,2006,Other countries,Chemicals,-10.252636684727534,-0.2914708824483998,-0.08726421552830187
8,2006,Czechia,Nickel,23.6014996254448,1.0,-0.7968116928842628
9,2006,Other countries,Nickel,-62.64527257677368,-0.7263491835948649,0.5787635226053265
10,2006,Other countries,Biomass and waste elec. prod.,-224.70083793379985,-0.9999955496383138,4.585710978240813
11,2006,Norway,Petroleum elec. prod.,45.63898016183323,0.43936460576836095,0.8240120406618318
12,2006,Lithuania,Petroleum elec. prod.,27.838215353357196,0.26799736695806164,0.5026191330385323
13,2006,Sweden,Petroleum elec. prod.,18.14956161423396,0.1747250914729066,0.32769043589123537
14,2006,Czechia,Petroleum elec. prod.,12.248201305199103,0.11791293580067075,0.22114134268877186
15,2006,Other countries,Petroleum elec. prod.,-11.977273772885297,-0.1033840569548301,-0.19389296867522773
16,2006,Sweden,Iron,71.9851422355919,0.5100187840259371,1.241734045041551
17,2006,Czechia,Iron,31.87899845567028,0.22586449819205526,0.5499084460329168
18,2006,RoW Europe,Iron,21.59520784070961,0.1530032629186141,0.3725144377404435
19,2006,Estonia,Iron,15.682790718983862,0.11111345486339351,0.27052603568233824
20,2006,Other countries,Iron,-21.8426739905904,-0.13401662128004044,-0.32628798478999405
21,2006,Sweden,"Lead, zinc and tin",69.22823787211661,0.9277597062318171,1.4128211810636042
22,2006,Other countries,"Lead, zinc and tin",5.390477951718395,0.07224029376818286,0.11000975411670195
23,2006,Slovakia,Gas elec. prod.,61.57823266856518,0.3524213349235777,0.9459122427346595
24,2006,Lithuania,Gas elec. prod.,49.86839438590439,0.2854041981777678,0.7660357033797678
25,2006,Mexico,Gas elec. prod.,22.527846858144418,0.1289302001477233,0.3460535520768278
26,2006,Ireland,Gas elec. prod.,21.377252307600678,0.12234517732576403,0.32837910081998456
27,2006,South Africa,Gas elec. prod.,19.37728864467248,0.11089908942516714,0.29765736634003465
28,2006,Other countries,Gas elec. prod.,-43.21115456267469,-0.19827072116247513,-0.5321661430176596
0,2007,Poland,Biomass and waste elec. prod.,-53.98652743798096,0.595652785756575,-1.0113709757896128
1,2007,Great-Britain,Biomass and waste elec. prod.,-36.64769560088114,0.404347214243425,-0.6865493562793604
2,2007,Other countries,Biomass and waste elec. prod.,7.4361267674824205,-0.07582441361906256,0.12874381355101386
3,2007,Great-Britain,Non-ferrous metals,-27.12984167797572,0.3398296468099655,-0.36450487068176646
4,2007,Ireland,Non-ferrous metals,-22.509230686421276,0.281951660644609,-0.302424331033259
5,2007,Greece,Non-ferrous metals,-16.245097437450042,0.20348683896094297,-0.2182621340344013
6,2007,Japan,Non-ferrous metals,-13.949481948810448,0.17473185358448248,-0.18741923282053508
7,2007,Other countries,Non-ferrous metals,27.27573389072935,-0.2546530701058384,0.27314357431430963
8,2007,Sweden,Precious metals,-41.62421686505948,1.0,-0.7940636360334878
9,2007,Other countries,Precious metals,2.7150986994185757,-0.06123456496459201,0.048624141306712755
10,2007,Czechia,Other petroleum,-25.939593481453027,0.6745145694757748,-0.5250368331989559
11,2007,Ireland,Other petroleum,-12.517090266109296,0.3254854305242252,-0.2533552979109898
12,2007,Other countries,Other petroleum,0.31546932317498744,-0.008136492255135686,0.006333381546234634
13,2007,Estonia,Aluminium,-24.119666092655542,0.570555872740783,-0.422066684326074
14,2007,Ireland,Aluminium,-18.154311347611163,0.429444127259217,-0.3176797708257931
15,2007,Other countries,Aluminium,6.026401137825218,-0.12476923194466782,0.09229759704308912
16,2007,Latvia,"Coal, lignite and peat",-20.545992476543812,0.5851356701766514,-0.3709556200737626
17,2007,Ireland,"Coal, lignite and peat",-10.425687990617204,0.2969163906979422,-0.18823464272510818
18,2007,Norway,"Coal, lignite and peat",-4.141530919082136,0.11794793912540646,-0.07477488234733404
19,2007,Other countries,"Coal, lignite and peat",4.048919274079115,-0.1033886360575712,0.06554479166470628
20,2007,Indonesia,Petroleum Refinery,-28.822110692418267,0.8236523284105455,-0.4687035539629037
21,2007,Norway,Petroleum Refinery,-6.170943656178229,0.17634767158945455,-0.10035154100342865
22,2007,Other countries,Petroleum Refinery,7.1093546952462106,-0.16885862012890973,0.09608985811334056
23,2007,Ireland,Other sources elec. prod.,-52.03690493085362,1.0,-0.54013738885297
24,2007,Other countries,Other sources elec. prod.,25.57017287705809,-0.32948248535201663,0.1779658093108252
25,2007,Luxembourg,Wood and paper reproc.,-13.217378713476101,0.5748063414938195,-0.22700700037545032
26,2007,South Korea,Wood and paper reproc.,-9.777111359696168,0.4251936585061805,-0.16792079354119208
27,2007,Other countries,Wood and paper reproc.,3.643028171256791,-0.13676304743662404,0.05401152861346305
28,2007,RoW Middle East,Copper,-20.960711419512528,1.0,-0.3946194387424974
29,2007,Other countries,Copper,1.6243589211301561,-0.07192180040312124,0.028381740508429624
0,2007,Czechia,Solar photovoltaic elec. prod.,5.066550267287351,0.6581402193090767,0.10179073529230127
1,2007,RoW Middle East,Solar photovoltaic elec. prod.,1.435766560252083,0.18650475550237985,0.02884561016196248
2,2007,Sweden,Solar photovoltaic elec. prod.,1.1959670922706556,0.15535502518854347,0.024027861816281696
3,2007,Other countries,Solar photovoltaic elec. prod.,-0.11973776355336252,-0.015315609038046185,-0.0023687765307350145
4,2007,Lithuania,Wood and paper prod.,5.917970954259455,0.5078951933754537,0.08229289319334605
5,2007,Malta,Wood and paper prod.,3.9382396012245247,0.3379896554549914,0.05476355551223391
6,2007,Belgium,Wood and paper prod.,1.795742507762843,0.15411515116955496,0.02497086375317823
7,2007,Other countries,Wood and paper prod.,-3.7126147527676707,-0.24163483133564045,-0.03915144231773915
8,2007,Ireland,Coke oven products,5.92511970209848,0.38708612998818737,0.07687979641365575
9,2007,Slovakia,Coke oven products,5.777898053156182,0.3774681878697571,0.07496956152095678
10,2007,India,Coke oven products,3.6039623793197695,0.23544568214205547,0.04676224412925338
11,2007,Other countries,Coke oven products,-5.575011633445003,-0.26697700561222704,-0.05302473079885813
12,2007,Turkey,Plastic reproc.,9.074221224755433,0.7192267486872959,0.18262859780690252
13,2007,Norway,Plastic reproc.,3.5424135727091244,0.28077325131270414,0.0712949362388334
14,2007,Other countries,Plastic reproc.,-0.17438162922349854,-0.013633133083908566,-0.003461773332781906
15,2007,Ireland,"Lead, zinc and tin prod.",25.231734381139084,1.0,0.46383782115389
16,2007,Other countries,"Lead, zinc and tin prod.",-2.503681144598474,-0.0902701869483491,-0.04187072682927656
17,2007,France,Crude Petroleum,21.252947635174735,0.5227205440618556,0.2964368582142878
18,2007,Czechia,Crude Petroleum,19.405388595550853,0.4772794559381444,0.27066704000022207
19,2007,Other countries,Crude Petroleum,-12.87024521821461,-0.24043688193925472,-0.13635269302229322
20,2007,Ireland,Chemicals,20.98057510389093,0.6630080942291484,0.4281750021202231
21,2007,Czechia,Chemicals,5.5607469825937,0.17572541463537864,0.1134846322978306
22,2007,Other countries,Chemicals,5.103201240616169,0.16126649113547298,0.10414696409420753
23,2007,Czechia,Petroleum elec. prod.,61.825922337896415,1.0,0.7402149124077184
24,2007,Other countries,Petroleum elec. prod.,-25.555391629918212,-0.2924583125327126,-0.216482004194311
25,2007,Sweden,Iron,25.968092746783935,0.5073053220478018,0.5299610764649783
26,2007,Czechia,Iron,20.061025949066224,0.3919065342586912,0.4094086928380862
27,2007,Other countries,Iron,5.15917288753095,0.100788143693507,0.10528924260267244
28,2007,Slovakia,Gas elec. prod.,65.37710920894247,0.6320247164873192,1.1537316361096122
29,2007,South Africa,Gas elec. prod.,21.29642499822626,0.20588042412031776,0.37582510994732726
30,2007,Czechia,Gas elec. prod.,16.767213446335717,0.1620948593923631,0.2958966041250711
31,2007,Other countries,Gas elec. prod.,-13.993533494585932,-0.11916054969450873,-0.21752202464937093
0,2008,Great-Britain,Non-ferrous metals,-58.05584521464768,0.5996905218328717,-0.65199243241302
1,2008,Ireland,Non-ferrous metals,-22.808455383217208,0.23560098833101292,-0.25614888991635315
2,2008,Greece,Non-ferrous metals,-15.945375561778198,0.16470848983611544,-0.17907351378358508
3,2008,Other countries,Non-ferrous metals,43.53614919010813,-0.31020622866133085,0.3372608140552476
4,2008,Great-Britain,Fertilizers,-34.470496723454914,0.34088323192069037,-0.3433534535475988
5,2008,Slovakia,Fertilizers,-30.366856383743123,0.300301798097335,-0.3024779450203732
6,2008,Latvia,Fertilizers,-15.750822322917621,0.15576193351433,-0.15689066752288833
7,2008,Netherlands,Fertilizers,-11.643117255377744,0.11514030306804711,-0.11597467108657626
8,2008,Ireland,Fertilizers,-8.889834714151746,0.08791273339959758,-0.0885497959330074
9,2008,Other countries,Fertilizers,51.7660472772334,-0.3385898613578219,0.3410434639990119
10,2008,RoW Middle East,Copper,-39.17558430159332,0.9603970829518068,-0.79950172044068
11,2008,Other countries,Copper,-1.6154436981857785,0.039602917048193215,-0.03296823873848527
12,2008,Ireland,Chemical and fertilizer minerals,-50.098263732397406,1.0,-0.5984699731726506
13,2008,Other countries,Chemical and fertilizer minerals,20.773235046937526,-0.293111270464548,0.17541829417151958
14,2008,South Korea,Wood and paper reproc.,-8.578026514303552,0.5840241639721744,-0.057771808090446373
15,2008,Luxembourg,Wood and paper reproc.,-6.1097673193643445,0.41597583602782556,-0.041148427842118376
16,2008,Other countries,Wood and paper reproc.,9.840702272972223,-0.4011946851608339,0.03968627291100073
17,2008,Indonesia,Petroleum Refinery,-30.670230552566185,0.826296226902237,-0.020939878173767027
18,2008,Norway,Petroleum Refinery,-6.447487711195077,0.17370377309776291,-0.0044019756215359996
19,2008,Other countries,Petroleum Refinery,35.875967427791416,-0.49149412155171157,0.01245537216961437
20,2008,Ireland,Copper prod.,-10.90410478051571,1.0,-0.016970840363750975
21,2008,Other countries,Copper prod.,10.072533602691912,-0.48017863580826436,0.008149034974385771
22,2008,Romania,Machinery and furniture,-7.866547556314684,0.844435728212019,-0.010769741252594838
23,2008,Belgium,Machinery and furniture,-1.4491970213940997,0.15556427178798102,-0.001984031347006486
24,2008,Other countries,Machinery and furniture,8.69080972032832,-0.4826470171073043,0.00615557030206245
25,2008,Brazil,Non-ferrous metals reproc.,-0.24870872315359005,1.0,-0.003628870265386703
26,2008,Other countries,Non-ferrous metals reproc.,0.0708940801496416,-0.2218193314230068,0.0008049535760889077
27,2008,Switzerland,Solar thermal elec. prod.,-0.058258543994749196,0.6563351217829893,-0.0005580056179108772
28,2008,France,Solar thermal elec. prod.,-0.030504866740432846,0.3436648782170108,-0.0002921783801585973
29,2008,Other countries,Solar thermal elec. prod.,0.047104394829777796,-0.3466928359806083,0.0002947527013960381
0,2008,Lithuania,Non-ferrous metals prod.,45.02393599817145,0.8398816397866425,0.9188558366973766
1,2008,Other countries,Non-ferrous metals prod.,8.583541371626758,0.16011836021335746,0.17517431370666853
2,2008,Spain,Biomass and waste elec. prod.,59.32959696308808,0.45717144279557664,0.5102830933652215
3,2008,Czechia,Biomass and waste elec. prod.,28.488755682667023,0.21952358022925056,0.24502661605676784
4,2008,Romania,Biomass and waste elec. prod.,25.339656636747087,0.19525781359636601,0.21794178681942705
5,2008,Lithuania,Biomass and waste elec. prod.,16.61736907510272,0.12804716337880692,0.14292297486043173
6,2008,Other countries,Biomass and waste elec. prod.,-75.08282927361435,-0.36651120861496866,-0.4090904544287117
7,2008,Ireland,"Lead, zinc and tin prod.",48.525806178600135,0.78342026436326,0.9903225750734721
8,2008,Other countries,"Lead, zinc and tin prod.",13.41515754926619,0.21657973563674002,0.2737787254952284
9,2008,Czechia,Iron,48.531317194099245,0.6921302384338747,0.9904350447775356
10,2008,Estonia,Iron,17.07452537737177,0.24350864563021696,0.34845970157901573
11,2008,Other countries,Iron,4.512921931455509,0.06436111593590835,0.09210044758072468
12,2008,Lithuania,Aluminium prod.,56.657479631439344,0.80369810188648,1.1562750945191702
13,2008,Other countries,Aluminium prod.,13.838493294775233,0.19630189811351992,0.282418230505617
14,2008,Lithuania,"Iron, steel and ferro-alloys",55.198730875705486,0.7641461725518648,1.1265047117490916
15,2008,Other countries,"Iron, steel and ferro-alloys",17.03709632391186,0.23585382744813518,0.34769584334514003
16,2008,Sweden,"Lead, zinc and tin",80.53991314042793,0.9571604953935057,1.6436716967434268
17,2008,Other countries,"Lead, zinc and tin",3.6047141483493164,0.04283950460649427,0.07356559486427176
18,2008,Lithuania,Chemicals,48.867423715052546,0.4832848989203172,0.9972943615316846
19,2008,Ireland,Chemicals,28.626500660049924,0.28310793625228753,0.5842142991846924
20,2008,Other countries,Chemicals,23.621222868738244,0.23360716482739532,0.4820657728313928
21,2008,Lithuania,Gaseous fuels distribution,67.02154258786786,0.423858673844512,1.2909515699620577
22,2008,Mexico,Gaseous fuels distribution,43.05468598673925,0.27228710949477036,0.8293081943904067
23,2008,Czechia,Gaseous fuels distribution,29.549130446610093,0.18687506674347779,0.5691676865099515
24,2008,Sweden,Gaseous fuels distribution,18.49702167696332,0.11697914991723977,0.35628483397248023
25,2008,Other countries,Gaseous fuels distribution,-8.882478741270603,-0.053186947799510054,-0.16199214030584014
26,2008,Lithuania,Gas elec. prod.,80.25114530598778,0.33790033712244827,1.6377784756324036
27,2008,Slovakia,Gas elec. prod.,62.41098410850294,0.26278369598338197,1.2736935532347538
28,2008,Estonia,Gas elec. prod.,25.142602561111254,0.1058638334586028,0.5131143379818623
29,2008,Czechia,Gas elec. prod.,23.525018915036597,0.09905293926826651,0.4801024268374816
30,2008,Other countries,Gas elec. prod.,46.169702319159114,0.19439919416730028,0.942238822839982
0,2009,Netherlands,Petroleum Refinery,-85.83489065308625,0.7308924363522967,-1.6478220691618308
1,2009,Indonesia,Petroleum Refinery,-31.603580979575522,0.2691075636477033,-0.606712233294086
2,2009,Other countries,Petroleum Refinery,6.966290812321844,-0.05599697853530805,0.12624710894173968
3,2009,Poland,Biomass and waste elec. prod.,-48.37683326767777,0.3427514553761647,-0.6090519110075765
4,2009,Great-Britain,Biomass and waste elec. prod.,-35.61002135263933,0.25229817290972356,-0.4483210266335545
5,2009,Germany,Biomass and waste elec. prod.,-33.93019490631699,0.24039654726857104,-0.4271724429378693
6,2009,Austria,Biomass and waste elec. prod.,-23.22555543936058,0.16455382444554062,-0.29240378026161784
7,2009,Other countries,Biomass and waste elec. prod.,54.072096084804386,-0.2769878282411409,0.4921932889561606
8,2009,Ireland,Chemical and fertilizer minerals,-51.18371122617822,1.0,-0.7849121337425656
9,2009,Other countries,Chemical and fertilizer minerals,12.723016672792504,-0.1990872806522992,0.15626602225780117
10,2009,Luxembourg,Wood and paper reproc.,-41.24675333605645,1.0,-0.7515875465715453
11,2009,Other countries,Wood and paper reproc.,4.418963554050734,-0.09676763784711406,0.07272935151703627
12,2009,Indonesia,Nickel,-50.11058860875086,1.0,-0.537072991527977
13,2009,Other countries,Nickel,23.794012023879983,-0.32195576216095945,0.17291374432345638
14,2009,Ireland,Copper prod.,-21.894079385412255,1.0,-0.36426034680941166
15,2009,Other countries,Copper prod.,4.045322391751082,-0.15595280209247242,0.056807421776103546
16,2009,Ireland,Other sources elec. prod.,-41.9292696564691,1.0,-0.3121118285904836
17,2009,Other countries,Other sources elec. prod.,26.63579005553541,-0.38847468619460646,0.12124754466931291
18,2009,Turkey,Plastic reproc.,-19.907205731106313,1.0,-0.2818324447253177
19,2009,Other countries,Plastic reproc.,6.097415939565744,-0.234474318326361,0.06608247035922069
20,2009,Indonesia,Plastic prod.,-7.674863268632914,0.42992431208453585,-0.11000006494828009
21,2009,Ireland,Plastic prod.,-4.353423827116942,0.24386659130919805,-0.0623954964367142
22,2009,Luxembourg,Plastic prod.,-2.912061925378606,0.1631255406376735,-0.041737160612910634
23,2009,Switzerland,Plastic prod.,-2.9113124292800663,0.16308355596859261,-0.041726418451567535
24,2009,Other countries,Plastic prod.,5.314563568384379,-0.22940999511457294,0.0586966441605323
25,2009,Estonia,Aluminium,-23.08199066957164,1.0,-0.15062281089956275
26,2009,Other countries,Aluminium,15.701472935493063,-0.40484968272515565,0.0609795972038591
0,2009,France,Crude Petroleum,17.625821549778586,0.46423407625776064,0.2941244777117658
1,2009,Lithuania,Crude Petroleum,11.152804507034464,0.2937458480096534,0.1861083633116748
2,2009,Czechia,Crude Petroleum,9.188904659290717,0.24202007573258597,0.1533364998632387
3,2009,Other countries,Crude Petroleum,-6.922633012656483,-0.15421269243937485,-0.09770443390517491
4,2009,Czechia,Other petroleum,44.37583968915036,1.0,0.6752694770102173
5,2009,Other countries,Other petroleum,-11.287635315649709,-0.2027835185402337,-0.1369335205109553
6,2009,Spain,Chemicals,31.564701555901166,0.8887789129579338,0.6441775827734931
7,2009,Other countries,Chemicals,3.9499816748823875,0.11122108704206622,0.08061187091596708
8,2009,Czechia,Iron,23.242361444274646,0.5059326399836525,0.3716842884145659
9,2009,Estonia,Iron,22.697274798656125,0.4940673600163475,0.3629674399787151
10,2009,Other countries,Iron,-9.941701551660003,-0.17790736485593484,-0.1306999530853066
11,2009,Ireland,"Lead, zinc and tin prod.",31.612637634205253,0.8093627194263822,0.6451558700858215
12,2009,Other countries,"Lead, zinc and tin prod.",7.446040107475273,0.19063728057361787,0.15196000219337294
13,2009,Sweden,"Lead, zinc and tin",68.0495458856851,1.0,1.2791448366653897
14,2009,Other countries,"Lead, zinc and tin",-5.371448889081009,-0.07315957657014893,-0.09358169462233222
15,2009,Lithuania,Non-ferrous metals prod.,30.621428237538066,0.4814847660727398,0.6249271068885319
16,2009,Ireland,Non-ferrous metals prod.,27.96426351827659,0.4397040782698769,0.5706992554750324
17,2009,Other countries,Non-ferrous metals prod.,5.012225344042179,0.07881115565738335,0.10229031314371793
18,2009,France,Copper reproc.,34.94381388526306,0.5491418059567051,0.7131390588829196
19,2009,Norway,Copper reproc.,20.461257642878227,0.32154852962098185,0.4175766865893516
20,2009,Other countries,Copper reproc.,8.228426242775214,0.12930966442231298,0.167927066179086
21,2009,Lithuania,Gaseous fuels distribution,46.03918585653288,0.6313634133449931,0.8306282992266552
22,2009,Czechia,Gaseous fuels distribution,16.81898398203043,0.23064897735116432,0.3034442030154173
23,2009,Turkey,Gaseous fuels distribution,10.062092697105495,0.13798760930384255,0.1815379396521565
24,2009,Other countries,Gaseous fuels distribution,-8.45535088285159,-0.10390521837746569,-0.136698790264694
25,2009,Lithuania,Gas elec. prod.,71.88889492768813,0.46974862411623386,1.2058952433055707
26,2009,Slovakia,Gas elec. prod.,57.03115225172506,0.37266263904820396,0.9566650772663745
27,2009,Estonia,Gas elec. prod.,24.116899044616716,0.15758873683556207,0.404547237378423
28,2009,Other countries,Gas elec. prod.,-27.24867588446186,-0.15114170262598225,-0.3879970071326461
0,2010,Netherlands,Petroleum Refinery,-85.589071000352,0.7329030609526026,-1.587696629798029
1,2010,Indonesia,Petroleum Refinery,-31.191817988031012,0.2670969390473973,-0.5786152801759783
2,2010,Other countries,Petroleum Refinery,10.63160539965665,-0.0834424084601757,0.1807622832441945
3,2010,RoW Middle East,Copper,-24.373895534350478,0.9372224272368689,-0.4974264394765403
4,2010,Other countries,Copper,-1.632626317895319,0.06277757276313109,-0.033318904446843246
5,2010,Indonesia,Nickel,-50.24376266446746,1.0,-0.3795622064760086
6,2010,Other countries,Nickel,31.64521454714304,-0.38644046640573093,0.1466781961005771
7,2010,Luxembourg,Textile,-20.751467676480864,0.5139719612710688,-0.19378828448188148
8,2010,Belgium,Textile,-13.442500035614644,0.33294358815505937,-0.12553324235479624
9,2010,Greece,Textile,-6.180739937640545,0.15308445057387185,-0.0577190494675957
10,2010,Other countries,Textile,21.899719410826656,-0.351664727313009,0.13259187145198206
11,2010,Luxembourg,Wood and paper reproc.,-12.84358756108692,0.5841734879554922,-0.18675590735499129
12,2010,South Korea,Wood and paper reproc.,-9.14232557241952,0.4158265120445079,-0.13293663468180192
13,2010,Other countries,Wood and paper reproc.,6.320978573703572,-0.2233017541835427,0.07138790543621189
14,2010,Slovakia,Fertilizers,-27.412489735824774,0.4955232045379215,-0.09752777794533041
15,2010,Netherlands,Fertilizers,-12.924588718803555,0.2336319568560164,-0.04598292350493314
16,2010,Great-Britain,Fertilizers,-7.623738460229291,0.1378108792297977,-0.02712363155729045
17,2010,Ireland,Fertilizers,-7.3594778458834,0.13303395937626453,-0.026183448787903366
18,2010,Other countries,Fertilizers,45.67622345276361,-0.4522554268277347,0.08901190991319251
19,2010,Ireland,Other petroleum,-8.47860104881188,0.8448120653344867,-0.15552119170923706
20,2010,Switzerland,Other petroleum,-1.5574784494785998,0.15518793466551323,-0.02856849887497766
21,2010,Other countries,Other petroleum,1.0156846596639575,-0.09190249132605,0.016918301192131023
22,2010,Romania,Machinery and furniture,-7.929249537440496,0.8281511629638829,-0.11404777998928953
23,2010,Luxembourg,Machinery and furniture,-1.6453908084866686,0.17184883703611703,-0.02366594316859649
24,2010,Other countries,Machinery and furniture,2.82666791119075,-0.22793304162634154,0.03138950779306491
25,2010,Poland,Biomass and waste elec. prod.,-53.87024328882004,0.43488562563345423,-0.05915212926354953
26,2010,Estonia,Biomass and waste elec. prod.,-49.18586771586737,0.3970694310634108,-0.05400845861174431
27,2010,Austria,Biomass and waste elec. prod.,-20.816098407506114,0.1680449433031349,-0.022857081546151296
28,2010,Other countries,Biomass and waste elec. prod.,117.20734361054272,-0.4861770404870831,0.06612866797326862
29,2010,Indonesia,Plastic prod.,-7.713867612467706,0.388122412917405,-0.04667454561789517
30,2010,Brazil,Plastic prod.,-4.804939172957123,0.2417599937436425,-0.029073399218949535
31,2010,Switzerland,Plastic prod.,-2.805386908542973,0.1411527382646219,-0.016974644344038264
32,2010,Ireland,Plastic prod.,-2.6929508675746616,0.13549553104875411,-0.01629432399283222
33,2010,Luxembourg,Plastic prod.,-1.857687078518655,0.09346932402557662,-0.011240366654718285
34,2010,Other countries,Plastic prod.,13.982224928467879,-0.4129781601116712,0.049663630163580844
0,2010,Spain,Chemicals,15.030067479602959,0.3800432898988204,0.30673607101230527
1,2010,Czechia,Chemicals,5.770429509078201,0.14590839447230788,0.11776386753220819
2,2010,Latvia,Chemicals,4.611450667056994,0.1166029949694375,0.09411123810320396
3,2010,Estonia,Chemicals,4.19918121557985,0.10617854152790879,0.0856975758281602
4,2010,Other countries,Chemicals,9.937174911665352,0.25126677913152545,0.20279948799317044
5,2010,Turkey,Plastic reproc.,45.98310810418154,0.9247367683245407,0.938430777636358
6,2010,Other countries,Plastic reproc.,3.742510773820676,0.07526323167545935,0.07637777089429951
7,2010,Czechia,Other sources elec. prod.,14.107039563432178,0.23049807523666532,0.25205730469966925
8,2010,Sweden,Other sources elec. prod.,12.825893643400995,0.2095651454510308,0.2291664503798794
9,2010,Brazil,Other sources elec. prod.,11.78371094025001,0.19253668912317443,0.21054526753143904
10,2010,Latvia,Other sources elec. prod.,7.830449137298601,0.1279434601618718,0.13991042523560757
11,2010,Mexico,Other sources elec. prod.,7.573005821348545,0.12373703623130791,0.13531056088848237
12,2010,Great-Britain,Other sources elec. prod.,7.0823189576209025,0.11571959379594976,0.12654322116659442
13,2010,Other countries,Other sources elec. prod.,-7.619289798169305,-0.11071055971904165,-0.12106567595378556
14,2010,Portugal,Precious metals,82.42820205647185,0.767060820495628,0.9441235816687243
15,2010,RoW Middle East,Precious metals,25.03159755004667,0.2329391795043721,0.2867091716697779
16,2010,Other countries,Precious metals,-47.14899469293191,-0.3049567452263582,-0.37535075037610655
17,2010,Ireland,Non-ferrous metals prod.,32.892989357927505,0.5302295244075861,0.6712854971005614
18,2010,Lithuania,Non-ferrous metals prod.,15.751750634005582,0.253915603606966,0.32146429865317516
19,2010,Other countries,Non-ferrous metals prod.,13.39063873330506,0.21585487198544792,0.27327834149602165
20,2010,Estonia,Aluminium,52.6359985643013,0.846315074038772,1.0742040523326797
21,2010,Czechia,Aluminium,9.099982938942786,0.14631531546446602,0.1857139375294446
22,2010,Other countries,Aluminium,0.4583479834240194,0.0073696104967619315,0.009354040478041212
23,2010,Estonia,Non-ferrous metals,53.197158383389876,0.36339167445032783,0.6619330676867571
24,2010,Ireland,Non-ferrous metals,40.91547537121427,0.2794950624791107,0.5091118952847343
25,2010,Norway,Non-ferrous metals,37.405337027737616,0.2555171830406,0.46543518937955786
26,2010,Slovakia,Non-ferrous metals,14.872720374401885,0.10159608002996136,0.1850614905278299
27,2010,Other countries,Non-ferrous metals,-57.13515065567857,-0.28072676249307293,-0.5113554881517011
28,2010,Lithuania,Petroleum elec. prod.,55.597276798280305,0.48468201323379206,1.1242315214167742
29,2010,Czechia,Petroleum elec. prod.,38.90471253864342,0.33916075540762636,0.7866914835827753
30,2010,Estonia,Petroleum elec. prod.,20.206779051933953,0.1761572313585816,0.40860091113655017
31,2010,Other countries,Petroleum elec. prod.,-1.0520964981887886,-0.009088533497182971,-0.021081070809319966
32,2010,Croatia,Gaseous fuels distribution,54.93929737043936,0.3844298959207188,1.1212101504171297
33,2010,Lithuania,Gaseous fuels distribution,38.86083842413799,0.2719231731351093,0.7930783351864894
34,2010,Czechia,Gaseous fuels distribution,26.27039137643736,0.18382331602359184,0.5361304362538236
35,2010,Brazil,Gaseous fuels distribution,15.149512478611562,0.10600655239788151,0.3091737240532972
36,2010,Other countries,Gaseous fuels distribution,7.691055333916637,0.05381706252269853,0.15696031293707421
37,2010,Slovakia,Gas elec. prod.,66.95701793767859,0.41629535263231626,1.245457206681208
38,2010,Lithuania,Gas elec. prod.,61.06626494885206,0.37967046747037664,1.1358842151011228
39,2010,Estonia,Gas elec. prod.,32.81689347935087,0.20403417989730707,0.6104219952386386
40,2010,Other countries,Gas elec. prod.,-14.24376893185402,-0.081353940863236,-0.2433917441051168
0,2011,Poland,Biomass and waste elec. prod.,-54.034214533911175,0.2967864302183827,-0.8572964691787378
1,2011,Estonia,Biomass and waste elec. prod.,-48.770273418073515,0.26787389200301226,-0.7737797905058154
2,2011,Great-Britain,Biomass and waste elec. prod.,-34.014135939529,0.18682484920957174,-0.5396617475548433
3,2011,Austria,Biomass and waste elec. prod.,-27.597670659203622,0.15158199722043372,-0.43785934185912134
4,2011,Germany,Biomass and waste elec. prod.,-17.64800836957281,0.09693283134859947,-0.2799999110522178
5,2011,Other countries,Biomass and waste elec. prod.,40.52303717290408,-0.18205454612080652,0.5258822631225475
6,2011,Netherlands,Petroleum Refinery,-65.19373115961251,0.8139200910936418,-1.3304843093798473
7,2011,Other countries,Petroleum Refinery,-14.904710779587575,0.18607990890635823,-0.30417777101199134
8,2011,Czechia,Other petroleum,-26.035228698135437,0.5912944963372362,-0.5313311979211314
9,2011,Ireland,Other petroleum,-17.782428801665873,0.4038624896998432,-0.362906710238079
10,2011,Other countries,Other petroleum,-0.21324226234804655,0.004843013962920597,-0.004351882905062174
11,2011,RoW Middle East,Copper,-33.1859816445582,0.9308010927463481,-0.6772649315215958
12,2011,Other countries,Copper,-2.467158326133351,0.06919890725365183,-0.050350169921088796
13,2011,Great-Britain,Fertilizers,-36.24586007041829,0.4328026310768693,-0.28228640725003773
14,2011,Slovakia,Fertilizers,-29.35015915879677,0.3504628137330201,-0.22858199433141269
15,2011,Netherlands,Fertilizers,-9.298083221567001,0.11102605578809902,-0.07241440820630844
16,2011,Ireland,Fertilizers,-8.852754587110411,0.10570849940201164,-0.06894614396807304
17,2011,Other countries,Fertilizers,51.78763830385671,-0.382099318503932,0.24921623873863594
18,2011,Luxembourg,Textile,-26.034668187929817,0.6008603377944983,-0.15626567046958026
19,2011,Belgium,Textile,-11.28575267963596,0.26046658702933295,-0.06773951165833576
20,2011,Greece,Textile,-6.008563507558673,0.13867307517616873,-0.03606468875616461
21,2011,Other countries,Textile,30.585560701804496,-0.4137962382095647,0.10761593424347976
22,2011,Ireland,Other sources elec. prod.,-43.84439397470623,0.7346648913492462,-0.15907164750499364
23,2011,Brazil,Other sources elec. prod.,-7.951046543163674,0.1332292276206625,-0.028847156006753874
24,2011,Great-Britain,Other sources elec. prod.,-7.884005840569741,0.13210588103009124,-0.028603925936846613
25,2011,Other countries,Other sources elec. prod.,49.06983261545854,-0.4512198432803972,0.0976993520484385
26,2011,Turkey,Uranium and thorium,-4.194382639527095,0.6570533525895943,-0.060945397102660115
27,2011,Brazil,Uranium and thorium,-1.2654337293358076,0.19823119295424846,-0.018387059019051785
28,2011,South Korea,Uranium and thorium,-0.9238092880127446,0.14471545445615724,-0.013423173025389576
29,2011,Other countries,Uranium and thorium,1.8385998286676752,-0.2236134039257841,0.020741401966861035
30,2011,Romania,Machinery and furniture,-7.922655570816283,0.8338840694897515,-0.06724943121063323
31,2011,Luxembourg,Machinery and furniture,-1.5782521221009205,0.16611593051024862,-0.013396588627331474
32,2011,Other countries,Machinery and furniture,5.549252720856932,-0.3687171809662688,0.029735573090804133
33,2011,Netherlands,Coke oven products,-6.971543013264592,0.6608081314485825,-0.03406364487502758
34,2011,Ireland,Coke oven products,-2.0778797738067567,0.1969549421256556,-0.010152724952465221
35,2011,Denmark,Coke oven products,-1.5006032817392878,0.14223692642576183,-0.007332095232032681
36,2011,Other countries,Coke oven products,8.024151280893888,-0.43200574269425374,0.022269232932789096
0,2011,Lithuania,"Iron, steel and ferro-alloys",34.340640085720224,0.7111436890753807,0.7008293895044944
1,2011,Other countries,"Iron, steel and ferro-alloys",13.94867276801466,0.28885631092461933,0.28466679118397265
2,2011,Lithuania,Aluminium prod.,21.321391298984494,0.4375830811071127,0.435130434673153
3,2011,Italy,Aluminium prod.,6.910613276494626,0.14182786702161715,0.14103292401009443
4,2011,Mexico,Aluminium prod.,6.034270597331302,0.12384251492725294,0.12314837953737351
5,2011,Other countries,Aluminium prod.,14.459080581438656,0.2967465369440172,0.29508327717221744
6,2011,Czechia,Iron,47.91853267760062,0.8803000203239236,0.9779292383183802
7,2011,Other countries,Iron,6.5157869535270265,0.1196999796760764,0.13297524394953117
8,2011,Ireland,Non-ferrous metals prod.,27.58651473850444,0.5000602604548774,0.5629900967041723
9,2011,Lithuania,Non-ferrous metals prod.,19.987964067778258,0.36232146802310405,0.40791763403629094
10,2011,Other countries,Non-ferrous metals prod.,7.591901968327349,0.13761827152201855,0.15493677486382346
11,2011,Estonia,Non-ferrous metals,65.64000882972948,0.4332593540580854,0.5987124354680521
12,2011,Norway,Non-ferrous metals,48.668093657019966,0.3212355878222964,0.44390903356771794
13,2011,Ireland,Non-ferrous metals,37.19470573866599,0.2455050581196182,0.3392585293076357
14,2011,Other countries,Non-ferrous metals,-83.79068830658855,-0.35611136534405474,-0.49210317295171035
15,2011,Estonia,Aluminium,56.14808084437388,0.6680449611925796,1.1313085828229623
16,2011,Czechia,Aluminium,27.90027533832904,0.3319550388074204,0.562153157840981
17,2011,Other countries,Aluminium,-1.0687308901696895,-0.012556008751271053,-0.021263120435719183
18,2011,Lithuania,Petroleum elec. prod.,59.332281462096525,0.5324789245587693,0.9031872200673576
19,2011,Czechia,Petroleum elec. prod.,18.448598256070923,0.16556736934656743,0.28083427372811864
20,2011,Estonia,Petroleum elec. prod.,18.16490340011576,0.16302134333712834,0.2765157212979169
21,2011,Sweden,Petroleum elec. prod.,15.48075176525483,0.13893236275753496,0.2356561522136231
22,2011,Other countries,Petroleum elec. prod.,-28.31305988549424,-0.20261300980793107,-0.3436708433663241
23,2011,Lithuania,Chemicals,42.638074139409234,0.4530519981849492,0.8701647783552905
24,2011,Slovakia,Chemicals,30.75401967241047,0.3267776593109946,0.6276330545389892
25,2011,Other countries,Chemicals,20.72088728136403,0.2201703425040562,0.42287525064008225
26,2011,Slovakia,Gas elec. prod.,71.40107976477728,0.4075704442947926,1.1051203084438068
27,2011,Estonia,Gas elec. prod.,40.396077502773096,0.2305882111280627,0.625236001708297
28,2011,Lithuania,Gas elec. prod.,23.98074580092538,0.13688649041166398,0.3711653841025614
29,2011,Czechia,Gas elec. prod.,19.76610134430527,0.11282852771154483,0.30593262855845443
30,2011,South Africa,Gas elec. prod.,19.643084749978335,0.11212632645393593,0.3040286218247446
31,2011,Other countries,Gas elec. prod.,-42.32442487550401,-0.19458475595024616,-0.5276132470456136
32,2011,Lithuania,Gaseous fuels distribution,59.82978462271837,0.40550650709227787,1.221016012708538
33,2011,Czechia,Gaseous fuels distribution,34.93647414354612,0.23678787562757886,0.7129892682356351
34,2011,Slovakia,Gaseous fuels distribution,19.566308077537187,0.13261396970165182,0.3993124097456569
35,2011,Mexico,Gaseous fuels distribution,17.64732825772053,0.11960775868448995,0.36014955628001083
36,2011,Other countries,Gaseous fuels distribution,15.563445329025768,0.10548388889400154,0.3176213332454238
0,2012,Poland,Biomass and waste elec. prod.,-54.08544792512717,0.2734148958696516,-0.8423084792000022
1,2012,Estonia,Biomass and waste elec. prod.,-47.94411811021206,0.24236900244984125,-0.7466654851024431
2,2012,Great-Britain,Biomass and waste elec. prod.,-34.31788010396257,0.17348510505231343,-0.5344550615491415
3,2012,Germany,Biomass and waste elec. prod.,-33.85044236744454,0.1711220953157102,-0.527175344285595
4,2012,Austria,Biomass and waste elec. prod.,-27.61667369220562,0.13960890131248352,-0.43009273863177916
5,2012,Other countries,Biomass and waste elec. prod.,46.860403869272886,-0.19152103961549705,0.5900183130118873
6,2012,Netherlands,Petroleum Refinery,-82.83329982994314,0.5681630249706239,-1.6904755067335333
7,2012,Indonesia,Petroleum Refinery,-54.384205065711264,0.3730274481904393,-1.1098817360349238
8,2012,Other countries,Petroleum Refinery,-8.573925009918781,0.05880952683893682,-0.1749780614269139
9,2012,Czechia,Other petroleum,-26.041755381067077,0.5906546847002015,-0.5314643955319812
10,2012,Ireland,Other petroleum,-17.61602373241047,0.399550137503512,-0.3595106884165402
11,2012,Other countries,Other petroleum,-0.4318659119997079,0.00979517779628649,-0.008813590040810365
12,2012,RoW Middle East,Copper,-34.12153327211931,0.8563930817490122,-0.6963578218799858
13,2012,Other countries,Copper,-5.7217746659047535,0.14360691825098776,-0.11677091154907658
14,2012,Turkey,Plastic reproc.,-21.542746783916986,1.0,-0.28448841010274256
15,2012,Other countries,Plastic reproc.,7.602814688882599,-0.26085668982489874,0.07421070495294971
16,2012,Ireland,Other sources elec. prod.,-41.76103298564378,0.8186568162001703,-0.135669491327122
17,2012,Brazil,Other sources elec. prod.,-9.25061458052363,0.18134318379982964,-0.03005256539114682
18,2012,Other countries,Other sources elec. prod.,42.89126678697224,-0.45676182770719476,0.07569550951803188
19,2012,Indonesia,Plastic prod.,-7.821902982575413,0.3726490416785427,-0.03192598304848372
20,2012,Brazil,Plastic prod.,-4.426907023964977,0.21090553842913928,-0.0180689224756639
21,2012,Ireland,Plastic prod.,-3.9878486182274515,0.18998803350693858,-0.01627685585835906
22,2012,Switzerland,Plastic prod.,-2.702720253814439,0.12876228646056695,-0.0110314588662493
23,2012,Luxembourg,Plastic prod.,-2.0506200419645237,0.09769509992481236,-0.008369837985012257
24,2012,Other countries,Plastic prod.,16.792019067092163,-0.44444473750941405,0.03807693987833587
25,2012,Slovakia,Processing Nuclear Fuel,-5.492230409682541,0.599836638982428,-0.03950762380897256
26,2012,India,Processing Nuclear Fuel,-2.169519391628128,0.23694512484166488,-0.015606147152823
27,2012,Slovenia,Processing Nuclear Fuel,-1.494460494545291,0.1632182361759072,-0.010750201395734816
28,2012,Other countries,Processing Nuclear Fuel,5.9288756503369715,-0.39302896062274406,0.02588644859816531
29,2012,Turkey,Uranium and thorium,-4.641947296453842,0.7730097202980079,-0.028615477525088053
30,2012,South Korea,Uranium and thorium,-1.363083655374675,0.22699027970199212,-0.008402785989187445
31,2012,Other countries,Uranium and thorium,4.191136039629018,-0.4110501567050049,0.015216363018490109
32,2012,Romania,Machinery and furniture,-7.901154914867869,1.0,-0.03318879515044421
33,2012,Other countries,Machinery and furniture,6.274903952496102,-0.4426409350586251,0.014690719318861789
0,2012,Norway,Copper reproc.,29.583027580866883,0.5056645038508175,0.6037352567523854
1,2012,Brazil,Copper reproc.,19.320830873849083,0.33025214647500134,0.39430267089487925
2,2012,Other countries,Copper reproc.,9.59941269756279,0.16408334967418117,0.1959063815829141
3,2012,Lithuania,Chemicals,32.62092348175663,0.5519765154524618,0.6657331322807474
4,2012,Estonia,Chemicals,7.482151482652988,0.12660499650759335,0.15269696903373445
5,2012,Czechia,Chemicals,6.605220050547666,0.11176649702566001,0.1348004091948503
6,2012,Other countries,Chemicals,12.390095167488901,0.20965199101428475,0.25285908505079385
7,2012,Lithuania,Aluminium prod.,36.511353542180935,0.6075144912848871,0.7451296641261416
8,2012,Other countries,Aluminium prod.,23.58820632997913,0.3924855087151129,0.48139196591794137
9,2012,Czechia,Iron,55.40170675145755,0.6469503384244197,0.8191790324897062
10,2012,RoW Europe,Iron,30.23347026442074,0.3530496615755802,0.44703721910810806
11,2012,Other countries,Iron,-23.590580687585394,-0.21598001408817247,-0.2734774038587689
12,2012,Lithuania,Water,25.486773225129284,0.38979149667244795,0.5201382290842711
13,2012,Brazil,Water,25.022797532960908,0.38269551092829623,0.5106693374073655
14,2012,Czechia,Water,10.742330895473096,0.16429185446546052,0.21923124276475706
15,2012,Other countries,Water,4.133755659906761,0.0632211379337953,0.08436236040626044
16,2012,Estonia,Aluminium,40.41706449900265,0.5746634492976627,0.8248380510000541
17,2012,Czechia,Aluminium,28.42325560474574,0.4041314308340075,0.5800664409131784
18,2012,Other countries,Aluminium,1.4913923940609664,0.021205119868329944,0.03043657947063197
19,2012,France,Crude Petroleum,46.59656439547915,0.47191591104562314,0.9028350571490438
20,2012,Czechia,Crude Petroleum,37.56906332264645,0.3804881105517199,0.727922066186244
21,2012,Lithuania,Crude Petroleum,14.573497843958627,0.1475959784026571,0.2823698469943077
22,2012,Other countries,Crude Petroleum,-4.995904015934045,-0.0481602409162728,-0.09213665579449239
23,2012,Lithuania,Petroleum elec. prod.,60.86139504721837,0.4561312623778703,1.242069286677926
24,2012,Brazil,Petroleum elec. prod.,27.591632922204262,0.20678800323435967,0.56309454943274
25,2012,Czechia,Petroleum elec. prod.,22.2502627370178,0.16675661842127082,0.4540869946330163
26,2012,Sweden,Petroleum elec. prod.,21.434974377026066,0.16064636563201914,0.4374484566740013
27,2012,Other countries,Petroleum elec. prod.,1.2912979987484334,0.009677750334480057,0.026353020382621092
28,2012,Lithuania,Gaseous fuels distribution,50.60160572463277,0.3228407570717593,1.0326858311149545
29,2012,Czechia,Gaseous fuels distribution,33.417082223211246,0.2132026438603504,0.681981269861454
30,2012,Brazil,Gaseous fuels distribution,22.465601636998905,0.14333165394059078,0.45848166606120216
31,2012,Slovakia,Gaseous fuels distribution,20.17619255854501,0.12872511034280107,0.41175903180704104
32,2012,Mexico,Gaseous fuels distribution,13.716409247793202,0.08751137206912764,0.2799267193427184
33,2012,Other countries,Gaseous fuels distribution,16.361700673839096,0.10438846271537093,0.33391225864977747
34,2012,Slovakia,Gas elec. prod.,78.4468643766223,0.3280408762515366,1.6009564158494347
35,2012,Lithuania,Gas elec. prod.,73.3764120568146,0.30683779012185014,1.497477797077849
36,2012,Estonia,Gas elec. prod.,42.10762083883968,0.17608123596278252,0.8593392007926465
37,2012,Other countries,Gas elec. prod.,45.20657020744835,0.18904009766383076,0.9225830654581296
0,2013,Poland,Biomass and waste elec. prod.,-53.949816729211044,0.2486261316521528,-1.1010166679430824
1,2013,Estonia,Biomass and waste elec. prod.,-49.92662879848339,0.2300853892962135,-1.0189107918057834
2,2013,Germany,Biomass and waste elec. prod.,-33.73366535525224,0.15546059712902496,-0.6884421501071886
3,2013,Great-Britain,Biomass and waste elec. prod.,-32.835517782631804,0.15132151065623473,-0.6701126078088123
4,2013,Austria,Biomass and waste elec. prod.,-31.62527264246653,0.14574413179208764,-0.6454137273972761
5,2013,Other countries,Biomass and waste elec. prod.,-14.920837937976842,0.0687622394742863,-0.30450689669340497
6,2013,Netherlands,Petroleum Refinery,-80.23885261623931,0.5881225243094418,-1.6375276044130471
7,2013,Indonesia,Petroleum Refinery,-54.3744325750559,0.39854543654657537,-1.1096822974501204
8,2013,Other countries,Petroleum Refinery,-1.8189194933556507,0.013332039143982889,-0.03712080598685002
9,2013,Czechia,Other petroleum,-26.033376091870974,0.5858964296676186,-0.5312933896300199
10,2013,Ireland,Other petroleum,-17.58333133816101,0.3957232061003463,-0.3588434966971634
11,2013,Other countries,Other petroleum,-0.8167022540649427,0.018380364232035224,-0.01666739294010087
12,2013,RoW Middle East,Copper,-33.60348908550064,0.8976642432363121,-0.6857854915408294
13,2013,Other countries,Copper,-3.830873861107726,0.10233575676368793,-0.07818109920628012
14,2013,Turkey,Plastic reproc.,-31.555711898811055,1.0,-0.48211789482073497
15,2013,Other countries,Plastic reproc.,7.9319350525950405,-0.20087130191262492,0.096843649208015
16,2013,Ireland,"Coal, lignite and peat",-12.452364830117734,0.4625179512252122,-0.21732645932839006
17,2013,Norway,"Coal, lignite and peat",-9.259612710749643,0.3439296196780613,-0.16160455243908475
18,2013,Latvia,"Coal, lignite and peat",-5.211009549971717,0.1935524290967265,-0.09094579788432629
19,2013,Other countries,"Coal, lignite and peat",3.8990234179008425,-0.12650126820232022,0.05944001231981305
20,2013,Norway,Glass prod.,-14.307435312503227,0.5647406010412125,-0.07580665679298987
21,2013,Ireland,Glass prod.,-11.027090461143295,0.43525939895878746,-0.05842604518243938
22,2013,Other countries,Glass prod.,18.757123376850487,-0.42541215260121545,0.05710422269684478
23,2013,Turkey,Uranium and thorium,-4.7029010081310005,0.816702678097474,-0.06038583649682252
24,2013,Brazil,Uranium and thorium,-1.0554993672498014,0.183297321902526,-0.013552743743287127
25,2013,Other countries,Uranium and thorium,2.1354099436154295,-0.2705170072907156,0.0200016434498789
26,2013,Indonesia,Plastic prod.,-7.243038378739897,0.4062978409369538,-0.017352504453059008
27,2013,Brazil,Plastic prod.,-3.9600340421796387,0.22213789258622454,-0.00948724896348573
28,2013,Ireland,Plastic prod.,-3.899788404991389,0.21875841686961023,-0.00934291551764137
29,2013,Switzerland,Plastic prod.,-2.7240573827531867,0.1528058496072114,-0.006526158690993513
30,2013,Other countries,Plastic prod.,15.73418565503031,-0.4688220542129178,0.02002284030026212
31,2013,Romania,Machinery and furniture,-7.918065201066836,1.0,-0.008333353038797113
32,2013,Other countries,Machinery and furniture,7.509730902165778,-0.4867662789886269,0.004056395250193837
0,2013,Lithuania,Water,23.339781481266872,0.5396985633835898,0.4763220710462627
1,2013,Brazil,Water,15.675258692962446,0.36246760082343155,0.3199032386318867
2,2013,Other countries,Water,4.230917967553175,0.09783383579297861,0.08634526464394235
3,2013,Lithuania,Chemicals,24.782509008775698,0.48803502617363925,0.5057654899750142
4,2013,Latvia,Chemicals,7.071489132336394,0.13925685985080533,0.14431610474155906
5,2013,Croatia,Chemicals,6.85503069274227,0.13499420427402672,0.13989858556616877
6,2013,Sweden,Chemicals,5.335525630875271,0.10507101560993136,0.10888827818112796
7,2013,Other countries,Chemicals,6.735630726237105,0.13264289409159744,0.13746185155585927
8,2013,Lithuania,"Iron, steel and ferro-alloys",42.50568957248668,0.832271100547383,0.8674630524997282
9,2013,Other countries,"Iron, steel and ferro-alloys",8.566238245901793,0.167728899452617,0.17482118869187332
10,2013,Lithuania,Aluminium prod.,25.788711412014354,0.4989059198000532,0.5263002328982521
11,2013,Mexico,Aluminium prod.,9.904756277623996,0.19161645815235276,0.20213788321681622
12,2013,Other countries,Aluminium prod.,15.997062305174516,0.30947762204759394,0.3264706592892758
13,2013,Czechia,Non-ferrous metals,58.58583181594088,0.48384665364309803,0.621367186724973
14,2013,Ireland,Non-ferrous metals,42.526943362064245,0.3512200577786384,0.451045011017631
15,2013,Norway,Non-ferrous metals,19.97069491488883,0.16493328857826364,0.21181118593985285
16,2013,Other countries,Non-ferrous metals,-58.15652429245356,-0.32446176140478455,-0.4166813811068224
17,2013,France,Crude Petroleum,29.11401448737445,0.3400152201052676,0.5941635609668257
18,2013,Czechia,Crude Petroleum,24.43079042985492,0.28532102946349497,0.4985875597929576
19,2013,Lithuania,Crude Petroleum,8.645022600172348,0.10096303494962287,0.17642903265657855
20,2013,RoW Asia and Pacific,Crude Petroleum,7.998267408101124,0.09340974445161593,0.16322994710410457
21,2013,Other countries,Crude Petroleum,15.437526416861928,0.18029097102999875,0.31505155952779446
22,2013,France,Copper reproc.,50.20722165867186,0.5530102724299054,1.0246371767075892
23,2013,Brazil,Copper reproc.,25.214874592112132,0.2777306572004146,0.5145892773900435
24,2013,Norway,Copper reproc.,10.143210264429525,0.11172296108675708,0.20700429111080662
25,2013,Other countries,Copper reproc.,5.223642916165588,0.05753610928292288,0.10660495747276709
26,2013,Lithuania,Gaseous fuels distribution,43.66954321881631,0.39905236720245624,0.7899540917996876
27,2013,Brazil,Gaseous fuels distribution,26.53280999790615,0.24245686713836073,0.479961553977476
28,2013,Czechia,Gaseous fuels distribution,21.919818057031357,0.20030333819788018,0.3965154817143963
29,2013,Mexico,Gaseous fuels distribution,17.3109427933553,0.1581874274613028,0.31314387750749634
30,2013,Other countries,Gaseous fuels distribution,-12.433938822155355,-0.10202871512330369,-0.2019734942502612
31,2013,Lithuania,Gas elec. prod.,70.17555860995903,0.5236740314215373,1.1605947360775186
32,2013,Slovakia,Gas elec. prod.,63.83062538863306,0.47632596857846266,1.0556593961486502
33,2013,Other countries,Gas elec. prod.,-25.40973151950982,-0.15939268947475016,-0.3532547066950576
34,2013,Czechia,Petroleum elec. prod.,62.958906674025286,0.38931938496196256,1.2848756464086792
35,2013,Lithuania,Petroleum elec. prod.,45.91354255080362,0.28391586022694376,0.9370110724653798
36,2013,Sweden,Petroleum elec. prod.,20.33412050835937,0.12574022816255423,0.41498205119100745
37,2013,Other countries,Petroleum elec. prod.,32.50874449442597,0.20102452664853945,0.6634437651923667
0,2014,Poland,Biomass and waste elec. prod.,-54.01965992004851,0.26358028938824485,-1.1024420391846634
1,2014,Estonia,Biomass and waste elec. prod.,-50.43284419186604,0.2460789958033556,-1.0292417182013478
2,2014,Germany,Biomass and waste elec. prod.,-33.86797931989856,0.16525338743979895,-0.6911832514265013
3,2014,Great-Britain,Biomass and waste elec. prod.,-33.68640382434224,0.16436741885474337,-0.6874776290682091
4,2014,Austria,Biomass and waste elec. prod.,-31.547197546496665,0.1539295040176227,-0.6438203580917687
5,2014,Other countries,Biomass and waste elec. prod.,-1.3916645378055819,0.00679040449623445,-0.028401317098073104
6,2014,Netherlands,Petroleum Refinery,-85.94974076943087,0.52712622376383,-1.754076342233283
7,2014,Indonesia,Petroleum Refinery,-54.442090909732684,0.33389110354665885,-1.111063079790463
8,2014,Other countries,Petroleum Refinery,-22.661602004566817,0.1389826726895112,-0.4624816735625881
9,2014,Czechia,Other petroleum,-25.994857826207472,0.568740721791568,-0.5305073025756627
10,2014,Ireland,Other petroleum,-17.683667104941577,0.38690042701624616,-0.3608911654069709
11,2014,Other countries,Other petroleum,-2.0274652155070285,0.04435885119218583,-0.0413768411327965
12,2014,RoW Middle East,Copper,-34.97861763443087,0.8351169710889889,-0.7138493394781811
13,2014,Other countries,Copper,-6.906074983920433,0.16488302891101117,-0.14094030579429456
14,2014,Ireland,Chemical and fertilizer minerals,-50.80161478938721,1.0,-0.6789765981907324
15,2014,Other countries,Chemical and fertilizer minerals,17.531761478041318,-0.2565622018942729,0.1741997310664973
16,2014,Turkey,Plastic reproc.,-31.386385521423165,1.0,-0.5938881382502772
17,2014,Other countries,Plastic reproc.,2.285866747159581,-0.06788576923594636,0.040316553105224126
18,2014,Indonesia,Nickel,-50.4330458422678,1.0,-0.5638919614502014
19,2014,Other countries,Nickel,22.802339731207933,-0.31135686052107636,0.17557163079020652
20,2014,Slovakia,Fertilizers,-31.573943491476108,0.698623886408773,-0.36709718980925476
21,2014,Netherlands,Fertilizers,-13.62053683724518,0.301376113591227,-0.15836035172470578
22,2014,Other countries,Fertilizers,19.447060793557217,-0.30084463420775165,0.15808108187448883
23,2014,Norway,Glass prod.,-14.176324394547503,0.5417366809977114,-0.17801396698164676
24,2014,Ireland,Glass prod.,-11.991968969747301,0.45826331900228856,-0.15058472907452594
25,2014,Other countries,Glass prod.,10.066957257542342,-0.27782220585706385,0.09129201458008077
26,2014,Norway,"Coal, lignite and peat",-9.86671290784018,0.5452903224312714,-0.1712540686090262
27,2014,Latvia,"Coal, lignite and peat",-4.136321553242798,0.2285965077239599,-0.07179309884502316
28,2014,Ireland,"Coal, lignite and peat",-4.091386991048672,0.22611316984476884,-0.07101318088563928
29,2014,Other countries,"Coal, lignite and peat",2.705464383486907,-0.13007111696997686,0.040850180304523316
0,2014,Netherlands,Precious metals prod.,23.54778882249273,0.5752962954560173,0.4484881008758381
1,2014,Lithuania,Precious metals prod.,17.383795490643195,0.4247037045439826,0.33108949143307326
2,2014,Other countries,Precious metals prod.,-2.7322822899992687,-0.06257536270970288,-0.04878235059908701
3,2014,Estonia,Iron,28.247180204784804,0.5463629091555727,0.4896404696769185
4,2014,Czechia,Iron,23.453218433991818,0.4536370908444274,0.40654128327860123
5,2014,Other countries,Iron,-7.787492743956157,-0.13090887175430443,-0.11731814216620186
6,2014,Lithuania,Aluminium prod.,25.10536786264688,0.5654741439802814,0.512354446176467
7,2014,Mexico,Aluminium prod.,9.269768300914993,0.2087925707176953,0.1891789449166325
8,2014,Other countries,Aluminium prod.,10.021885574574974,0.22573328530202325,0.2045282770321423
9,2014,Ireland,Chemicals,30.583130905076093,0.6572536220289564,0.6241455286750224
10,2014,Other countries,Chemicals,15.948572960876437,0.3427463779710436,0.325481080834213
11,2014,Lithuania,Water,29.053766383328323,0.6065301261812669,0.592934007823027
12,2014,Brazil,Water,12.966055987095126,0.27068103564152307,0.2646133874917373
13,2014,Other countries,Water,5.881782396106068,0.12278883817721009,0.12003637543073609
14,2014,France,Crude Petroleum,36.767013722475355,0.4346147544885186,0.49239315324015553
15,2014,Czechia,Crude Petroleum,33.641953549272415,0.39767410790268537,0.4505415564701956
16,2014,Lithuania,Crude Petroleum,14.187824122840386,0.16771113760879602,0.1900069314901049
17,2014,Other countries,Crude Petroleum,-29.08265097576581,-0.25583034512975555,-0.28984085108018437
18,2014,Lithuania,Gas elec. prod.,70.19824421247394,0.659799370568052,0.7716682352400438
19,2014,South Africa,Gas elec. prod.,20.358952487684558,0.19135555579055627,0.2237998558761072
20,2014,Great-Britain,Gas elec. prod.,15.836121244411512,0.14884507364139157,0.17408172912038325
21,2014,Other countries,Gas elec. prod.,-49.085376752979826,-0.31570484205868077,-0.3692325412775336
22,2014,France,Copper reproc.,39.396754978053266,0.519457440243445,0.8006762551533133
23,2014,Norway,Copper reproc.,36.445367832989504,0.480542559756555,0.7406940152928554
24,2014,Other countries,Copper reproc.,-0.31497955918050025,-0.004135918376322767,-0.006374981626255902
25,2014,Lithuania,Petroleum elec. prod.,42.10578256190125,0.2664930740782111,0.6958515301950456
26,2014,Brazil,Petroleum elec. prod.,37.72290341745399,0.23875325153008722,0.6234188861789914
27,2014,Czechia,Petroleum elec. prod.,32.55493030193832,0.2060444652658109,0.5380115672400401
28,2014,Sweden,Petroleum elec. prod.,16.70185236260474,0.10570823549871086,0.2760193212541367
29,2014,Slovakia,Petroleum elec. prod.,14.97449551333543,0.09477556523863231,0.24747255561713988
30,2014,Great-Britain,Petroleum elec. prod.,13.939573757751363,0.08822540838854755,0.23036915927967497
31,2014,Other countries,Petroleum elec. prod.,-30.053529946498685,-0.15981409018349824,-0.41729744604274027
32,2014,Lithuania,Gaseous fuels distribution,53.57321542458233,0.33223274737496306,1.0253889041957078
33,2014,RoW Middle East,Gaseous fuels distribution,25.06221855798516,0.15542262417593372,0.4796897221907992
34,2014,Czechia,Gaseous fuels distribution,24.571903522508997,0.15238194965183652,0.47030511473438563
35,2014,Mexico,Gaseous fuels distribution,23.0264760791139,0.1427980260191284,0.4407257038265658
36,2014,Brazil,Gaseous fuels distribution,20.17248149557569,0.125099061079886,0.38610037743161674
37,2014,Slovakia,Gaseous fuels distribution,14.845766458041226,0.09206559169825233,0.2841472941228628
38,2014,Other countries,Gaseous fuels distribution,-10.020562829212338,-0.058506506023632276,-0.18057197122770097
0,2015,Poland,Biomass and waste elec. prod.,-54.07282230500727,0.26288038727330726,-1.0872710495831956
1,2015,Estonia,Biomass and waste elec. prod.,-50.53788103323888,0.24569491977044272,-1.016192101917195
2,2015,Great-Britain,Biomass and waste elec. prod.,-35.590483039192605,0.1730266623001965,-0.7156368060635238
3,2015,Germany,Biomass and waste elec. prod.,-33.93694924420379,0.1649878437982832,-0.6823883209991092
4,2015,Austria,Biomass and waste elec. prod.,-31.555498908763504,0.15341018685777028,-0.634503230201756
5,2015,Other countries,Biomass and waste elec. prod.,3.0300506009318724,-0.014517042467055097,0.06004236437611758
6,2015,Netherlands,Petroleum Refinery,-86.63945609895498,0.4774576119578531,-1.7681521652847956
7,2015,Indonesia,Petroleum Refinery,-54.55699465476502,0.30065576997286403,-1.1134080541788778
8,2015,Other countries,Petroleum Refinery,-40.26354470783096,0.22188661806928286,-0.8217049940373665
9,2015,Slovakia,Fertilizers,-29.921969129418066,0.39702146178556363,-0.6106524312126136
10,2015,Great-Britain,Fertilizers,-15.611800062501857,0.2071461157890375,-0.31860816454085417
11,2015,Netherlands,Fertilizers,-14.607545795261245,0.19382110714873843,-0.29811317949512744
12,2015,Sweden,Fertilizers,-14.495395095305419,0.19233302878584219,-0.29582438970011055
13,2015,Other countries,Fertilizers,-0.7294149497649585,0.00967828649081824,-0.014886019382958337
14,2015,Great-Britain,Non-ferrous metals,-62.47035543050323,0.5389958579595023,-0.8059908100014088
15,2015,Ireland,Non-ferrous metals,-23.627814639800327,0.20386140171164827,-0.3048454155392406
16,2015,Greece,Non-ferrous metals,-15.770422701091459,0.1360676188822883,-0.20346956055112872
17,2015,Japan,Non-ferrous metals,-14.032771790105869,0.12107512144656107,-0.18105043622258193
18,2015,Other countries,Non-ferrous metals,42.628909668097236,-0.26890075018957027,0.40210240998097324
19,2015,RoW Middle East,Copper,-40.890500720670175,0.795508302238576,-0.8345000147075545
20,2015,Other countries,Copper,-10.511226458799229,0.20449169776142395,-0.21451482568978017
21,2015,Turkey,Plastic reproc.,-35.494510925728214,0.8900214069029957,-0.7243777739944534
22,2015,Other countries,Plastic reproc.,-4.386002790496136,0.10997859309700428,-0.08951026103053339
23,2015,Indonesia,Nickel,-50.52517067688693,1.0,-0.7689894948614056
24,2015,Other countries,Nickel,12.844685428678055,-0.20269393396255586,0.15586950588933693
25,2015,Latvia,"Coal, lignite and peat",-24.485514786758472,0.7571885136672629,-0.4988649972675255
26,2015,Norway,"Coal, lignite and peat",-7.851894385190915,0.24281148633273705,-0.1599735723396536
27,2015,Other countries,"Coal, lignite and peat",0.054319261197612434,-0.001676948524365507,0.0011048383670978403
28,2015,Norway,Glass prod.,-16.21570626629021,0.5087684510141203,-0.33093278094469813
29,2015,Ireland,Glass prod.,-14.634648118142966,0.45916268659124554,-0.29866628812536666
30,2015,Other countries,Glass prod.,-1.0221137962641365,0.032068862394634114,-0.020859465229880334
31,2015,Ireland,Other sources elec. prod.,-23.1852395087504,0.5092859073863683,-0.28530969123354766
32,2015,Brazil,Other sources elec. prod.,-8.30424597297974,0.18241068607086913,-0.10218923352437591
33,2015,Mexico,Other sources elec. prod.,-8.190288526341872,0.1799075020260161,-0.10078691184890896
34,2015,Great-Britain,Other sources elec. prod.,-5.845223193865068,0.12839590451674657,-0.07192933348837753
35,2015,Other countries,Other sources elec. prod.,18.074453867271785,-0.2841919790723222,0.15920865789569535
0,2015,Lithuania,Non-ferrous metals prod.,17.535348915140638,0.5858370336154127,0.2954391846140717
1,2015,Ireland,Non-ferrous metals prod.,12.396778808031183,0.41416296638458727,0.20886349285718575
2,2015,Other countries,Non-ferrous metals prod.,-5.221296527080206,-0.1485288172756819,-0.07490348023376554
3,2015,Ireland,Other petroleum,63.020768520537345,1.0,0.6846268248298225
4,2015,Other countries,Other petroleum,-29.474054103876043,-0.31865625845415224,-0.21816062243761752
5,2015,Lithuania,Water,22.577876864271616,0.5033063208844684,0.38018201900256493
6,2015,Brazil,Water,22.28123959704194,0.49669367911553164,0.37518703405137827
7,2015,Other countries,Water,-7.846032861670338,-0.14886653320321408,-0.11244917221713521
8,2015,France,Crude Petroleum,27.064521133476436,0.38378801925060646,0.29136755453947116
9,2015,Czechia,Crude Petroleum,26.734175553711605,0.3791035589159538,0.28781116485667174
10,2015,Lithuania,Crude Petroleum,16.720756177242848,0.23710842183343972,0.1800100512913901
11,2015,Other countries,Crude Petroleum,-33.319203100741774,-0.32087475315471137,-0.24360450939219092
12,2015,Lithuania,Chemicals,37.34999055574827,0.7036653242529208,0.6431748651029491
13,2015,Ireland,Chemicals,15.729206710939028,0.29633467574707906,0.2708603202826682
14,2015,Other countries,Chemicals,-8.291473182792053,-0.13510481671562702,-0.12349055619315799
15,2015,Lithuania,Petroleum elec. prod.,56.92838144890586,0.631032891563382,0.6649801607992626
16,2015,Czechia,Petroleum elec. prod.,33.28622100686465,0.36896710843661784,0.3888161938594878
17,2015,Other countries,Petroleum elec. prod.,-38.57858107749174,-0.299538997477521,-0.3156531036199483
18,2015,Lithuania,Gaseous fuels distribution,50.9016809979665,0.3095862034860777,0.34596145895527447
19,2015,Mexico,Gaseous fuels distribution,47.59426707775838,0.2894703703968887,0.3234820884753507
20,2015,Czechia,Gaseous fuels distribution,25.95333164696649,0.15784927442220256,0.17639599135622505
21,2015,Brazil,Gaseous fuels distribution,23.62231180007685,0.14367191189702208,0.1605528401817902
22,2015,Slovakia,Gaseous fuels distribution,16.346849689375738,0.099422239797809,0.11110399218613104
23,2015,Other countries,Gaseous fuels distribution,-109.66111902556017,-0.4001068847689814,-0.44711799180337697
24,2015,Sweden,"Lead, zinc and tin",50.69644709772203,0.8031475564668635,0.9581885276982329
25,2015,Latvia,"Lead, zinc and tin",12.425760882018839,0.19685244353313652,0.23485317426922636
26,2015,Other countries,"Lead, zinc and tin",-4.663164583335359,-0.06879308038022736,-0.08207301370041067
27,2015,Lithuania,Gas elec. prod.,70.95886990779896,0.5610727460862148,0.8927086584336981
28,2015,Mexico,Gas elec. prod.,34.61286867091126,0.2736844216987063,0.4354523626982804
29,2015,Ireland,Gas elec. prod.,20.898260904913556,0.1652428322150789,0.26291369183674573
30,2015,Other countries,Gas elec. prod.,-48.507338548156284,-0.2772206909408246,-0.44107883126766384
31,2015,RoW Europe,Iron,90.59542493089948,0.5606759487215529,1.6815681584719213
32,2015,Czechia,Iron,50.54606105393718,0.31281889518339046,0.938200211206124
33,2015,Estonia,Iron,20.441020162384696,0.1265051560950567,0.37941174908077524
34,2015,Other countries,Iron,-14.622680328039138,-0.08298666242773844,-0.24889194807542273
0,2016,Poland,Biomass and waste elec. prod.,-54.054205232003305,0.21787494913700445,-1.103147045551088
1,2016,Estonia,Biomass and waste elec. prod.,-50.552476602640546,0.2037606180920944,-1.031683195972256
2,2016,Great-Britain,Biomass and waste elec. prod.,-36.16609337553105,0.14577377876259548,-0.7380835382761438
3,2016,Germany,Biomass and waste elec. prod.,-33.93250120824616,0.13677089401475195,-0.6925000246580849
4,2016,Austria,Biomass and waste elec. prod.,-31.7209326093852,0.1278567791198659,-0.6473659716201061
5,2016,Other countries,Biomass and waste elec. prod.,-41.67117640411351,0.16796298087368788,-0.8504321715125206
6,2016,Netherlands,Petroleum Refinery,-85.98717369654807,0.5004674086096959,-1.754840279521389
7,2016,Indonesia,Petroleum Refinery,-54.580712540263306,0.3176737481975512,-1.1138920926584348
8,2016,Other countries,Petroleum Refinery,-31.24584672018858,0.18185884319275292,-0.6376703412283383
9,2016,Great-Britain,Fertilizers,-37.72299043330706,0.33803313275391433,-0.7698569476185113
10,2016,Slovakia,Fertilizers,-27.271789629540375,0.2443806383955087,-0.5565671352967423
11,2016,Netherlands,Fertilizers,-13.759104707835368,0.12329439460801991,-0.2807980552619463
12,2016,Other countries,Fertilizers,-32.84165654795214,0.29429183424255706,-0.6702378887337171
13,2016,Ireland,Gaseous fuels distribution,-27.752971291107833,0.3185602628695478,-0.3823677200890594
14,2016,Brazil,Gaseous fuels distribution,-19.484703053989193,0.2236536067330075,-0.26845130941901324
15,2016,Indonesia,Gaseous fuels distribution,-14.484113197757619,0.1662547357294431,-0.19955547400118984
16,2016,Norway,Gaseous fuels distribution,-9.288355590743059,0.10661564729687113,-0.1279707067526434
17,2016,Turkey,Gaseous fuels distribution,-8.112985109862468,0.09312425117099413,-0.11177699090434107
18,2016,Japan,Gaseous fuels distribution,-7.996875491823129,0.09179149620013645,-0.11017728579657345
19,2016,Other countries,Gaseous fuels distribution,28.305328874105093,-0.2452263141393176,0.29434501905120636
20,2016,Luxembourg,Textile,-34.82935517085211,0.6154561554772146,-0.7108031667520838
21,2016,Belgium,Textile,-16.484745554453248,0.29129560605401483,-0.3364233786623112
22,2016,Other countries,Textile,-5.277022559254206,0.09324823846877059,-0.10769433794396338
23,2016,Latvia,"Coal, lignite and peat",-12.809974707333144,0.2873616155759682,-0.2614280552516968
24,2016,Ireland,"Coal, lignite and peat",-11.366824600352608,0.25498794148720066,-0.23197601225209405
25,2016,Norway,"Coal, lignite and peat",-8.993151392152175,0.20174017296761143,-0.18353370188065662
26,2016,Other countries,"Coal, lignite and peat",-11.407940058667513,0.25591026996921973,-0.2328151032381125
27,2016,Brazil,Gas elec. prod.,-66.2024204186537,1.0,-0.8764767927096092
28,2016,Other countries,Gas elec. prod.,23.25505757588285,-0.2599565525120562,0.22784588538961412
29,2016,Indonesia,Nickel,-50.59895740487153,1.0,-0.8620045644965889
30,2016,Other countries,Nickel,8.36073374453867,-0.14180423237549988,0.12223589557261587
31,2016,Turkey,Plastic reproc.,-32.39544725914336,0.8000230888126951,-0.6611315767172115
32,2016,Other countries,Plastic reproc.,-8.097693141618151,0.19997691118730487,-0.16525904370649291
33,2016,Norway,Glass prod.,-16.4609542175282,0.427796048484725,-0.3359378411740449
34,2016,Ireland,Glass prod.,-15.745740147733576,0.409208684177921,-0.32134163566803214
35,2016,Other countries,Glass prod.,-6.2718149052976955,0.162995267337354,-0.12799622255709583
0,2016,Brazil,Water,21.15748217863098,0.7941720453495934,0.13016729474719085
1,2016,Lithuania,Water,5.48344821236193,0.2058279546504067,0.033735848796336176
2,2016,Other countries,Water,-18.609676357360083,-0.4112580514301597,-0.06740648743698868
3,2016,Netherlands,Aluminium prod.,25.77210893321542,1.0,0.2406934777546375
4,2016,Other countries,Aluminium prod.,-13.978128523238183,-0.35164893136930886,-0.08463960423998079
5,2016,Ireland,"Lead, zinc and tin prod.",12.55137413700842,0.5336862183633964,0.14143055839168012
6,2016,Netherlands,"Lead, zinc and tin prod.",10.966891287754654,0.4663137816366037,0.12357639424313116
7,2016,Other countries,"Lead, zinc and tin prod.",-10.53292474565732,-0.3093261848687764,-0.0819735896222267
8,2016,Brazil,Coal elec. prod.,38.23925810300888,1.0,0.44136919833417804
9,2016,Other countries,Coal elec. prod.,-16.612167384634155,-0.30285753263379733,-0.13367198638804628
10,2016,RoW Middle East,Precious metals,48.79112042310398,0.754035134901517,0.36628294208938
11,2016,Portugal,Precious metals,15.91557315752936,0.24596486509848306,0.11948081762881868
12,2016,Other countries,Precious metals,-40.90426935444161,-0.38731082661927607,-0.18814156331814294
13,2016,Ireland,Other petroleum,54.60864387620052,1.0,0.5117857214310053
14,2016,Other countries,Other petroleum,-29.53114352608126,-0.3509771588189252,-0.17962509843194818
15,2016,Ireland,Non-ferrous metals prod.,38.02733885267864,1.0,0.642838490390648
16,2016,Other countries,Non-ferrous metals prod.,-6.528252823536889,-0.14651927127301,-0.0941882271582796
17,2016,RoW Middle East,"Lead, zinc and tin",41.511410286779075,0.5109203479286123,0.3933795854015262
18,2016,Sweden,"Lead, zinc and tin",24.13617842127638,0.29706686887949674,0.22872457945768504
19,2016,Latvia,"Lead, zinc and tin",15.600712431399664,0.19201278319189097,0.14783891334539898
20,2016,Other countries,"Lead, zinc and tin",-43.521090307429226,-0.348812235138268,-0.2685655660377883
21,2016,Brazil,Petroleum elec. prod.,46.34244837840113,0.6334195404658579,0.562652179833069
22,2016,Lithuania,Petroleum elec. prod.,16.265527692976754,0.2223210779152943,0.19748276003591397
23,2016,Czechia,Petroleum elec. prod.,10.55435223999357,0.14425938161884783,0.12814232959961921
24,2016,Other countries,Petroleum elec. prod.,-29.636742107409944,-0.28829776365366144,-0.2560883502921788
25,2016,Sweden,Iron,52.47728678344854,0.3593838824393786,0.8989061978676043
26,2016,RoW Europe,Iron,34.19698046496118,0.2341935789843003,0.5857749051539459
27,2016,Czechia,Iron,30.26599542967445,0.2072727385524733,0.5184393581290845
28,2016,Estonia,Iron,29.079882764304998,0.199149800023848,0.49812192002162975
29,2016,Other countries,Iron,-23.45926876494822,-0.1384195766469234,-0.3462209114932074
0,2017,Poland,Biomass and waste elec. prod.,-54.045727941458836,0.2024988604173628,-1.1029740396216088
1,2017,Estonia,Biomass and waste elec. prod.,-50.57871765761019,0.1895086453110904,-1.0322187277063304
2,2017,Great-Britain,Biomass and waste elec. prod.,-35.623337904490675,0.1334737379749185,-0.7270068960100138
3,2017,Germany,Biomass and waste elec. prod.,-34.060423508913985,0.12761780086223892,-0.6951106838553873
4,2017,Austria,Biomass and waste elec. prod.,-31.492274671875364,0.11799544526281394,-0.6426994830994972
5,2017,Other countries,Biomass and waste elec. prod.,-61.0935039413834,0.22890551017157543,-1.2468062028853757
6,2017,Netherlands,Petroleum Refinery,-86.57536583302182,0.5051625094916284,-1.7668442006739147
7,2017,Indonesia,Petroleum Refinery,-54.464714373047116,0.3177986200427808,-1.1115247831234107
8,2017,Other countries,Petroleum Refinery,-30.341137137528392,0.17703887046559083,-0.6192068803577223
9,2017,Brazil,Gaseous fuels distribution,-54.932647178200234,0.4276876340118327,-1.121074432208168
10,2017,Ireland,Gaseous fuels distribution,-54.278408479221056,0.42259394536548567,-1.1077226220249194
11,2017,Indonesia,Gaseous fuels distribution,-14.558379318690905,0.11334678239079371,-0.2971097820141001
12,2017,Other countries,Gaseous fuels distribution,-4.671611268120401,0.03637163823188781,-0.09533900547184491
13,2017,Great-Britain,Fertilizers,-37.44370232470956,0.36897618268735166,-0.7641571903001951
14,2017,Slovakia,Fertilizers,-28.16122761633628,0.27750520436138487,-0.5747189309456384
15,2017,Netherlands,Fertilizers,-14.274624018215356,0.14066440956781484,-0.29131885751459907
16,2017,Latvia,Fertilizers,-10.94980335928712,0.1079010993531137,-0.22346537467932898
17,2017,Other countries,Fertilizers,-10.65064079947959,0.10495310403033507,-0.21736001631590998
18,2017,Ireland,Other sources elec. prod.,-52.735849029781875,0.8023417384088117,-0.9640110240733885
19,2017,Sweden,Other sources elec. prod.,-12.991566739920659,0.19765826159118832,-0.23748576703858348
20,2017,Other countries,Other sources elec. prod.,6.854073005215909,-0.09443279713469355,0.11346070273306211
21,2017,Turkey,Plastic reproc.,-34.79584263440467,0.8133066771708338,-0.71011923743683
22,2017,Other countries,Plastic reproc.,-7.9873332709566185,0.18669332282916615,-0.16300680144809424
23,2017,RoW Middle East,Copper,-29.779174918398056,0.7505163274104593,-0.6077382636407767
24,2017,Other countries,Copper,-9.899075681620872,0.24948367258954077,-0.20202195268614023
25,2017,Indonesia,Nickel,-50.66343659117902,1.0,-0.8040977612928737
26,2017,Other countries,Nickel,11.262646287828211,-0.18187241569652413,0.14624320230250196
27,2017,Great-Britain,Non-ferrous metals,-64.7858990640734,0.694243941101244,-0.5192503947248311
28,2017,Greece,Non-ferrous metals,-14.559774330696907,0.1560221477036365,-0.1166946616090302
29,2017,Japan,Non-ferrous metals,-13.972964663931098,0.14973391119511953,-0.11199145990158546
30,2017,Other countries,Non-ferrous metals,56.66974876316452,-0.37782757694746383,0.2825910416397663
31,2017,Norway,Glass prod.,-16.642526538489832,0.4607924442505107,-0.3396433987446905
32,2017,Ireland,Glass prod.,-15.063031505533607,0.41705993913873074,-0.30740880623537975
33,2017,Other countries,Glass prod.,-4.411628220953794,0.12214761661075856,-0.09003322899905702
0,2017,Lithuania,Coal elec. prod.,42.720637030817834,1.0,0.3001802337734696
1,2017,Other countries,Coal elec. prod.,-28.011805575917826,-0.3960248585173324,-0.11887883460983806
2,2017,Lithuania,Chemicals,26.95855197767063,0.6828753912042171,0.28756195831109155
3,2017,Ireland,Chemicals,12.519444044605923,0.3171246087957828,0.13354262682264736
4,2017,Other countries,Chemicals,-18.843871350723347,-0.32310130315626884,-0.136059440221791
5,2017,Turkey,Wood and paper reproc.,19.5925264097309,0.5675470998415767,0.2812611562915129
6,2017,Finland,Wood and paper reproc.,14.9288840867722,0.43245290015842325,0.2143120857707287
7,2017,Other countries,Wood and paper reproc.,-10.23832163545326,-0.22873956451011856,-0.11335720757218472
8,2017,Lithuania,Gas elec. prod.,48.99951326938692,0.5530523122688026,0.28825715559402304
9,2017,Ireland,Gas elec. prod.,20.703533177243024,0.23367858437405634,0.12179593604549353
10,2017,South Africa,Gas elec. prod.,18.895287169180808,0.21326910335714108,0.11115828240120902
11,2017,Other countries,Gas elec. prod.,-63.05897628781519,-0.4157991219011299,-0.21671923165101506
12,2017,France,Copper reproc.,31.136289726055175,1.0,0.5515015182290184
13,2017,Other countries,Copper reproc.,-4.112715332833275,-0.11667606861420354,-0.06434702898172638
14,2017,Ireland,Other petroleum,57.713531593576576,1.0,0.5835418156862301
15,2017,Other countries,Other petroleum,-29.1199826249513,-0.33535418768918035,-0.1956931915821251
16,2017,Ireland,Non-ferrous metals prod.,43.538906800453226,1.0,0.7573720140468707
17,2017,Other countries,Non-ferrous metals prod.,-6.427678112156563,-0.12863953226738223,-0.09742798163939469
18,2017,RoW Middle East,Precious metals,80.53841132853036,0.7048743734147185,0.9679785752322234
19,2017,Portugal,Precious metals,33.72083026989408,0.2951256265852816,0.405285387455076
20,2017,Other countries,Precious metals,-46.96930742674677,-0.2913212809439466,-0.4000610166842241
21,2017,Sweden,"Lead, zinc and tin",71.02198153759613,0.6028390055918873,1.449428194644819
22,2017,RoW Middle East,"Lead, zinc and tin",45.09120778076811,0.3827369818611156,0.9202287302197574
23,2017,Other countries,"Lead, zinc and tin",1.6993292459652025,0.014424012546996979,0.0346801886931674
24,2017,RoW Europe,Iron,98.72980054278268,0.5405807475976226,1.7991822171687197
25,2017,Sweden,Iron,39.69492886780154,0.21734384355301173,0.7233723732661447
26,2017,Czechia,Iron,23.12349906004356,0.1266093756923431,0.4213863299513093
27,2017,Estonia,Iron,21.088317469168572,0.11546603315702239,0.38429861674941024
28,2017,Other countries,Iron,-19.552808620152746,-0.09670543072214688,-0.32185883798517545
0,2018,Poland,Biomass and waste elec. prod.,-54.02060719680235,0.22281518446241638,-1.1024613713633133
1,2018,Estonia,Biomass and waste elec. prod.,-50.50907083794907,0.20833138536897172,-1.030797364039777
2,2018,Great-Britain,Biomass and waste elec. prod.,-34.49959336481856,0.14229816468844547,-0.704073333975889
3,2018,Germany,Biomass and waste elec. prod.,-33.925329244633716,0.13992953589086493,-0.6923536580537494
4,2018,Austria,Biomass and waste elec. prod.,-31.754299194965064,0.13097483348946348,-0.6480469223462257
5,2018,Other countries,Biomass and waste elec. prod.,-37.73690710678622,0.15565089609983798,-0.770140961362984
6,2018,Netherlands,Petroleum Refinery,-84.87665529422361,0.5186624282685828,-1.732176638657625
7,2018,Indonesia,Petroleum Refinery,-54.422596550478275,0.33256442518504237,-1.1106652357240465
8,2018,Other countries,Petroleum Refinery,-24.34602236103126,0.14877314654637502,-0.4968575992047196
9,2018,Ireland,Other sources elec. prod.,-53.13222426130044,1.0,-1.0777831714934045
10,2018,Other countries,Other sources elec. prod.,0.3208488581236182,-0.00600243988604332,0.0064693286970782795
11,2018,Latvia,"Coal, lignite and peat",-20.753724691481807,0.4499431894792387,-0.39467351283192453
12,2018,Ireland,"Coal, lignite and peat",-17.31970016723252,0.37549313436094806,-0.3293686799749712
13,2018,Norway,"Coal, lignite and peat",-8.051786449633358,0.17456367615981316,-0.15312079590000535
14,2018,Other countries,"Coal, lignite and peat",3.1442248617095316,-0.06381694425844453,0.055977861555878916
15,2018,Turkey,Plastic reproc.,-33.44943267622322,0.8645138747424526,-0.6826414831882289
16,2018,Other countries,Plastic reproc.,-5.24217616138872,0.1354861252575474,-0.10698318696711673
17,2018,Indonesia,Nickel,-50.50618986598272,1.0,-0.7701442049010281
18,2018,Other countries,Nickel,12.769123825832345,-0.20180261591471316,0.15541711518058432
19,2018,Slovakia,Fertilizers,-26.5473676298972,0.562434049167898,-0.40779775455838085
20,2018,Great-Britain,Fertilizers,-20.653486708799267,0.43756595083210204,-0.3172610415114939
21,2018,Other countries,Fertilizers,11.672973331272601,-0.19827101096107036,0.14375814050299063
22,2018,Norway,Glass prod.,-16.466585815277092,0.5086102488912753,-0.3360527717403488
23,2018,Ireland,Glass prod.,-14.865511324336175,0.4591571986678687,-0.3033777821293097
24,2018,Other countries,Glass prod.,-1.043549735715679,0.0322325524408561,-0.021296933381952637
25,2018,RoW Middle East,Copper,-16.015947465157158,0.644694401398857,-0.326856070717493
26,2018,Canada,Copper,-3.1981072956895895,0.12873430517235315,-0.06526749583039979
27,2018,Other countries,Copper,-5.6286419190154895,0.22657129342878982,-0.11487024324521405
28,2018,Ireland,Ceramic goods,-14.140000256549556,0.5394861298222681,-0.26389852566816746
29,2018,Norway,Ceramic goods,-12.07012726092329,0.46051387017773193,-0.2252679442003127
30,2018,Other countries,Ceramic goods,2.2409704939173167,-0.07876569449165594,0.03852953672122253
0,2018,Mexico,Aluminium prod.,15.96871589024902,0.7526497863790147,0.29041015474828386
1,2018,Lithuania,Aluminium prod.,5.247945801869758,0.24735021362098544,0.09544015704871034
2,2018,Other countries,Aluminium prod.,-2.309996414066063,-0.09818633839282076,-0.03788522928307507
3,2018,Lithuania,Chemicals,16.52420682520721,0.5323615000967548,0.25069550968290627
4,2018,Ireland,Chemicals,14.515240659639073,0.4676384999032452,0.2202166611584173
5,2018,Other countries,Chemicals,-7.964751113621425,-0.20420240383901456,-0.09616139728284698
6,2018,France,Crude Petroleum,22.538057661518373,0.42129132930961954,0.21225851972172816
7,2018,Czechia,Crude Petroleum,21.00347874645012,0.39260630237566757,0.19780618963186813
8,2018,Spain,Crude Petroleum,9.95602239166795,0.18610236831471288,0.09376365110556961
9,2018,Other countries,Crude Petroleum,-28.809969137137315,-0.35002836143090454,-0.17635421545394098
10,2018,Ireland,Non-ferrous metals prod.,24.97676014861916,0.7098941071778355,0.4614845510729133
11,2018,Lithuania,Non-ferrous metals prod.,10.207022750936922,0.29010589282216453,0.18859064522295746
12,2018,Other countries,Non-ferrous metals prod.,-3.3300982810584117,-0.08646488432161903,-0.056208676648076245
13,2018,Mexico,Gaseous fuels distribution,47.78734979219068,0.382124401621567,0.2696240638116222
14,2018,Czechia,Gaseous fuels distribution,25.30612163208452,0.20235662006942173,0.14278128800666098
15,2018,Brazil,Gaseous fuels distribution,21.16604391716907,0.16925110728500317,0.11942229063924774
16,2018,Slovakia,Gaseous fuels distribution,17.096073331336285,0.13670619568199804,0.09645884919045385
17,2018,Taiwan,Gaseous fuels distribution,13.701459737115009,0.10956167534201001,0.0773058826349892
18,2018,Other countries,Gaseous fuels distribution,-90.48302207002985,-0.4197967545828426,-0.29620538878239483
19,2018,Lithuania,Coal elec. prod.,49.613794203466675,1.0,0.9616915472336481
20,2018,Other countries,Coal elec. prod.,-2.4909083890179176,-0.04780582682717771,-0.045974459568212375
21,2018,Sweden,"Lead, zinc and tin",62.39878064819473,0.875948872439974,1.2734445030243822
22,2018,Other countries,"Lead, zinc and tin",8.83686176365245,0.12405112756002597,0.1803441176255602
23,2018,RoW Middle East,Precious metals,82.59902885212485,0.7105906220410598,1.51165546817995
24,2018,Portugal,Precious metals,33.64093588998241,0.2894093779589403,0.6156671016535182
25,2018,Other countries,Precious metals,-12.001158820267321,-0.09358276414687017,-0.19908072631703916
26,2018,Lithuania,Gas elec. prod.,67.17940802586988,0.5821362424716159,1.371008327058569
27,2018,Ireland,Gas elec. prod.,25.337332428796252,0.21955804505859491,0.5170884169142093
28,2018,Mexico,Gas elec. prod.,21.915814117429132,0.18990923046112076,0.44726151260059455
29,2018,Other countries,Gas elec. prod.,0.968966797956611,0.008396482008668474,0.019774832611359407
30,2018,Sweden,Iron,54.667705129498366,0.407704688926964,1.1156674516224157
31,2018,Czechia,Iron,33.927663941372984,0.2530281386509515,0.6924013049259793
32,2018,RoW Europe,Iron,24.036029634787127,0.17925760669990823,0.49053121703647207
33,2018,Estonia,Iron,20.669149412663515,0.154147848564578,0.42181937576864315
34,2018,Other countries,Iron,0.785977286568567,0.005861717157598148,0.016040352787113615
0,2019,Poland,Biomass and waste elec. prod.,-54.00405319120605,0.24480960398648918,-1.1021235345144091
1,2019,Estonia,Biomass and waste elec. prod.,-50.7051574658738,0.22985514578588107,-1.0347991319566083
2,2019,Great-Britain,Biomass and waste elec. prod.,-35.28768910366491,0.15996512640412852,-0.7201569204829573
3,2019,Germany,Biomass and waste elec. prod.,-33.957810113524346,0.15393655762664132,-0.6930165329290683
4,2019,Austria,Biomass and waste elec. prod.,-31.763716824794976,0.14399035771417407,-0.6482391188733669
5,2019,Other countries,Biomass and waste elec. prod.,-14.87771132739374,0.06744320848268585,-0.3036267617835457
6,2019,Netherlands,Petroleum Refinery,-66.0852115166873,0.4428300713667614,-1.348677786054843
7,2019,Indonesia,Petroleum Refinery,-54.54193622436591,0.36547979428980776,-1.1131007392727739
8,2019,Other countries,Petroleum Refinery,-28.606645963878137,0.19169013434343088,-0.5838091013036355
9,2019,Slovakia,Fertilizers,-26.501749493386683,0.28410683104605744,-0.5408520304772793
10,2019,Sweden,Fertilizers,-14.41039381358371,0.154483813286539,-0.29408966966497363
11,2019,Great-Britain,Fertilizers,-13.140648525095834,0.14087175683577627,-0.26817650051215985
12,2019,Latvia,Fertilizers,-8.293603788032986,0.08890996010499681,-0.1692572201639385
13,2019,Ireland,Fertilizers,-8.116901598560379,0.08701565878339954,-0.16565105303184446
14,2019,Other countries,Fertilizers,-22.817633042008453,0.24461197994323092,-0.46566598044915214
15,2019,Czechia,Other petroleum,-26.058825994127766,0.5481389003382291,-0.5318127753903625
16,2019,Ireland,Other petroleum,-17.892719114127484,0.37636750717353,-0.3651575329413772
17,2019,Other countries,Other petroleum,-3.5890070730407118,0.07549359248824096,-0.0732450423069533
18,2019,Luxembourg,Textile,-32.620852541070676,0.6595228321763912,-0.5901699771311208
19,2019,Belgium,Textile,-16.840441214937062,0.3404771678236089,-0.30467391353994283
20,2019,Other countries,Textile,5.613943113125615,-0.10193225544295248,0.0912134560454483
21,2019,Turkey,Plastic reproc.,-33.65293278934755,0.8467919971523112,-0.6867945467213786
22,2019,Other countries,Plastic reproc.,-6.088742737251039,0.15320800284768873,-0.12426005586226609
23,2019,Indonesia,Nickel,-50.73836679267101,1.0,-0.800676957691293
24,2019,Other countries,Nickel,11.505195865797653,-0.18484153821539473,0.14799836047328113
25,2019,Norway,Glass prod.,-16.54795287292947,0.5267033101956585,-0.3285971374952804
26,2019,Ireland,Glass prod.,-14.870024862547979,0.47329668980434153,-0.2952780710603938
27,2019,Other countries,Glass prod.,0.848092516249416,-0.02628434481276898,0.016398151101815497
28,2019,Ireland,Ceramic goods,-13.655073465656953,0.5276707396540498,-0.2786749686868766
29,2019,Norway,Ceramic goods,-12.011165046742178,0.46414545921422423,-0.24512581728045263
30,2019,Other countries,Ceramic goods,-0.21178056178614213,0.008183801131725909,-0.004322052281349839
31,2019,Ireland,Other sources elec. prod.,-53.16854508945063,1.0,-0.4981015087212976
32,2019,Other countries,Other sources elec. prod.,28.76157116210705,-0.3510500470156507,0.17485855805517805
0,2019,Lithuania,Chemicals,9.095401876550511,0.31585535706113993,0.09398734494873015
1,2019,Ireland,Chemicals,8.598033789750616,0.2985832918155109,0.08884779129568358
2,2019,Netherlands,Chemicals,7.3793334757808156,0.25626157496956514,0.07625435030727437
3,2019,Croatia,Chemicals,3.7233290503888576,0.12929977615378396,0.03847502469558218
4,2019,Other countries,Chemicals,-14.215437141354556,-0.3305028995367012,-0.09834593376644417
5,2019,Mexico,Aluminium prod.,15.23348121468202,0.636350408319591,0.21788684041036765
6,2019,Lithuania,Aluminium prod.,4.9838688632399375,0.20819187298287095,0.07128504800231428
7,2019,Netherlands,Aluminium prod.,3.7214751597470785,0.1554577186975381,0.05322883540509784
8,2019,Other countries,Aluminium prod.,-7.161189770597829,-0.23026322555453027,-0.07884229509848785
9,2019,Ireland,Non-ferrous metals prod.,23.597558622023886,0.7165674966182458,0.39621512862340286
10,2019,Lithuania,Non-ferrous metals prod.,9.333824301971028,0.2834325033817541,0.15671970374520514
11,2019,Other countries,Non-ferrous metals prod.,-5.837576137933123,-0.15057345565065106,-0.08325730845935478
12,2019,Mexico,Gaseous fuels distribution,45.80382219160259,0.3734447984046261,0.3265163324577118
13,2019,Lithuania,Gaseous fuels distribution,32.54633291592537,0.26535468336583246,0.23200922434381321
14,2019,Czechia,Gaseous fuels distribution,23.118893151048177,0.18849148344030808,0.16480494074457167
15,2019,Brazil,Gaseous fuels distribution,21.18314126790461,0.17270903478923338,0.1510057734438999
16,2019,Other countries,Gaseous fuels distribution,-79.80971224797092,-0.39419619962318253,-0.3446600352169617
17,2019,France,Copper reproc.,45.24857971535514,0.9089833359070639,0.9234404023541867
18,2019,Other countries,Copper reproc.,4.530748384430218,0.09101666409293609,0.09246425274347385
19,2019,Sweden,"Lead, zinc and tin",69.84848031259234,0.8191046473518409,1.4048217223369843
20,2019,Latvia,"Lead, zinc and tin",15.42570356417108,0.18089535264815906,0.3102481736509853
21,2019,Other countries,"Lead, zinc and tin",-1.2357589733529153,-0.01428458894596596,-0.02449906847778874
22,2019,RoW Middle East,Precious metals,74.66109588824423,0.665767445799553,1.3277675355945098
23,2019,Portugal,Precious metals,37.48180980546994,0.33423255420044706,0.6665737978119746
24,2019,Other countries,Precious metals,-14.42018035679645,-0.11393669992403188,-0.2272286700504282
25,2019,Sweden,Iron,72.96074470152796,0.6112874731052691,1.280708680890106
26,2019,Czechia,Iron,30.431546562083778,0.2549648208323723,0.5341769195806463
27,2019,Estonia,Iron,15.963573058121993,0.13374770606235856,0.28021488373229414
28,2019,Other countries,Iron,-16.69594059578445,-0.12271752371022504,-0.25710554334549135
29,2019,Lithuania,Petroleum elec. prod.,49.39667410016,0.4553895541506786,0.9629334871427702
30,2019,Norway,Petroleum elec. prod.,40.008118783560384,0.3688361556146538,0.7799139929170085
31,2019,Sweden,Petroleum elec. prod.,19.066456950472578,0.17577429023466767,0.3716794746453709
32,2019,Other countries,Petroleum elec. prod.,-4.859429053640625,-0.04287831945708309,-0.09066736226446045
33,2019,Slovakia,Gas elec. prod.,63.343504887338305,0.3421668079960803,1.0727868984784068
34,2019,Lithuania,Gas elec. prod.,52.94989008957319,0.28602293017913,0.8967604250032627
35,2019,Ireland,Gas elec. prod.,25.890285551351823,0.1398532711596745,0.43847840732455123
36,2019,Mexico,Gas elec. prod.,23.193815583002802,0.1252875706420244,0.39281093661338223
37,2019,South Africa,Gas elec. prod.,19.74713727533621,0.10666942002309096,0.334437922074467
38,2019,Other countries,Gas elec. prod.,-31.496178501392905,-0.14539774930618465,-0.45586186876930973
0,2020,Poland,Biomass and waste elec. prod.,-54.01847242052727,0.24040174000793846,-1.1024178045005564
1,2020,Estonia,Biomass and waste elec. prod.,-50.655545780372655,0.22543550013505745,-1.033786648579034
2,2020,Great-Britain,Biomass and waste elec. prod.,-35.097847166132084,0.15619811429662947,-0.7162825952271854
3,2020,Germany,Biomass and waste elec. prod.,-33.956495572625016,0.1511186868943902,-0.6929897055637758
4,2020,Austria,Biomass and waste elec. prod.,-31.668307374679074,0.1409354218074123,-0.6462919872383485
5,2020,Other countries,Biomass and waste elec. prod.,-19.30416961946375,0.08591053685857211,-0.3939626452951786
6,2020,Netherlands,Petroleum Refinery,-66.51647254519176,0.4557975915996502,-1.3574790315345258
7,2020,Indonesia,Petroleum Refinery,-54.502240829328194,0.37347124939486365,-1.1122906291699632
8,2020,Other countries,Petroleum Refinery,-24.91552096785125,0.1707311590054861,-0.5084800197520664
9,2020,Great-Britain,Fertilizers,-37.176706618438246,0.4446449068850706,-0.7587082983354744
10,2020,Slovakia,Fertilizers,-26.137470975850505,0.312612235062916,-0.5334177750173572
11,2020,Sweden,Fertilizers,-9.741845381406591,0.11651548312124957,-0.19881317104911408
12,2020,Netherlands,Fertilizers,-9.400497551338074,0.1124328575225377,-0.19184688880281783
13,2020,Other countries,Fertilizers,-1.1533579237895424,0.013794517408226062,-0.023537916812031476
14,2020,Czechia,Other petroleum,-25.999285882547607,0.5532776889942993,-0.5305976710724001
15,2020,Ireland,Other petroleum,-17.92500655062439,0.381453023146086,-0.36581646021682424
16,2020,Other countries,Other petroleum,-3.067094350934326,0.06526928785961462,-0.06259376226396583
17,2020,Turkey,Plastic reproc.,-33.67379849302674,0.8160969762100854,-0.6872203774087089
18,2020,Other countries,Plastic reproc.,-7.5882077080086106,0.1839030237899147,-0.1548613817960941
19,2020,Indonesia,Nickel,-50.4777561772334,1.0,-0.7968116928842628
20,2020,Other countries,Nickel,11.433983225904527,-0.18468198981540818,0.14715676895004956
21,2020,Ireland,Other sources elec. prod.,-53.14321486954066,1.0,-0.7626625314843494
22,2020,Other countries,Other sources elec. prod.,15.772750826807538,-0.22886932900721613,0.17455006183976787
23,2020,Norway,Glass prod.,-16.622194393645962,0.5291256960357407,-0.3326304136213163
24,2020,Ireland,Glass prod.,-14.792258765935971,0.4708743039642594,-0.2960111664671477
25,2020,Other countries,Glass prod.,0.6110157352472001,-0.019079056648749204,0.011993888318267013
26,2020,Latvia,"Coal, lignite and peat",-21.22912250265248,0.6937022592583345,-0.4234119385160576
27,2020,Norway,"Coal, lignite and peat",-9.373520373773214,0.3062977407416655,-0.18695357906023607
28,2020,Other countries,"Coal, lignite and peat",0.6947325151873045,-0.022197788360664772,0.013548764581806181
29,2020,Luxembourg,Textile,-30.679456671563024,0.6491585478023494,-0.35812489501032874
30,2020,Belgium,Textile,-16.580887932116227,0.35084145219765056,-0.1935506490038706
31,2020,Other countries,Textile,20.22824294698348,-0.2997283493568216,0.16535280018790255
0,2020,Mexico,Aluminium prod.,15.725077243755758,0.6380448521535553,0.2554114504630169
1,2020,Lithuania,Aluminium prod.,5.149656166140915,0.20894724752285346,0.08364226963032263
2,2020,Netherlands,Aluminium prod.,3.7709904615205625,0.1530079003235913,0.061249565170919944
3,2020,Other countries,Aluminium prod.,-5.03086289346852,-0.16952296210227213,-0.06786059865726808
4,2020,France,Crude Petroleum,20.683793008917387,0.48920144950362765,0.26401573718068827
5,2020,Czechia,Crude Petroleum,15.603702210890955,0.3690499965794404,0.19917154170805235
6,2020,Poland,Crude Petroleum,5.993231932378906,0.14174855391693203,0.07649987340521532
7,2020,Other countries,Crude Petroleum,-15.836056689783405,-0.27248680403313985,-0.14705762730632646
8,2020,Ireland,Non-ferrous metals prod.,27.81268273926536,0.6000241448650838,0.5000881298454135
9,2020,Lithuania,Non-ferrous metals prod.,9.664030384939615,0.20848947302329685,0.17376485854601734
10,2020,Netherlands,Non-ferrous metals prod.,8.875892812209594,0.1914863821116193,0.1595936889216278
11,2020,Other countries,Non-ferrous metals prod.,-5.5137187480746945,-0.10630633231900433,-0.08860065944861198
12,2020,France,Copper reproc.,38.58996735425455,0.8779597742970682,0.7875503541684601
13,2020,Other countries,Copper reproc.,5.364173238520685,0.12204022570293178,0.10947292323511602
14,2020,Mexico,Gaseous fuels distribution,46.80100531557365,0.4234106871074263,0.38132026505723254
15,2020,Lithuania,Gaseous fuels distribution,33.46399245345288,0.30275016407306293,0.27265436684920225
16,2020,Czechia,Gaseous fuels distribution,30.26836083677422,0.2738391488195107,0.24661733865118426
17,2020,Other countries,Gaseous fuels distribution,-66.40435204847742,-0.37529790457290424,-0.3379902794254571
18,2020,Sweden,"Lead, zinc and tin",69.22823787211661,0.9277597062318171,1.4128211810636042
19,2020,Other countries,"Lead, zinc and tin",5.390477951718395,0.07224029376818286,0.11000975411670195
20,2020,Norway,Petroleum elec. prod.,45.63898016183323,0.43936460576836095,0.8240120406618318
21,2020,Lithuania,Petroleum elec. prod.,27.838215353357196,0.26799736695806164,0.5026191330385323
22,2020,Sweden,Petroleum elec. prod.,18.14956161423396,0.1747250914729066,0.32769043589123537
23,2020,Czechia,Petroleum elec. prod.,12.248201305199103,0.11791293580067075,0.22114134268877186
24,2020,Other countries,Petroleum elec. prod.,-11.977273772885297,-0.1033840569548301,-0.19389296867522773
25,2020,RoW Middle East,Precious metals,81.99520753768256,0.6822029501849594,1.5177510655364888
26,2020,Portugal,Precious metals,38.196602708010396,0.31779704981504064,0.70702832764115
27,2020,Other countries,Precious metals,-11.177619979988648,-0.08508539590060205,-0.18929623546002056
28,2020,Sweden,Iron,71.9851422355919,0.5100187840259371,1.241734045041551
29,2020,Czechia,Iron,31.87899845567028,0.22586449819205526,0.5499084460329168
30,2020,RoW Europe,Iron,21.59520784070961,0.1530032629186141,0.3725144377404435
31,2020,Estonia,Iron,15.682790718983862,0.11111345486339351,0.27052603568233824
32,2020,Other countries,Iron,-21.8426739905904,-0.13401662128004044,-0.32628798478999405
33,2020,Slovakia,Gas elec. prod.,61.57823266856518,0.3524213349235777,0.9459122427346595
34,2020,Lithuania,Gas elec. prod.,49.86839438590439,0.2854041981777678,0.7660357033797678
35,2020,Mexico,Gas elec. prod.,22.527846858144418,0.1289302001477233,0.3460535520768278
36,2020,Ireland,Gas elec. prod.,21.377252307600678,0.12234517732576403,0.32837910081998456
37,2020,South Africa,Gas elec. prod.,19.37728864467248,0.11089908942516714,0.29765736634003465
38,2020,Other countries,Gas elec. prod.,-43.21115456267469,-0.19827072116247513,-0.5321661430176596
